ID,Resume_str,Category,Sub_domain,Degree_level,Experience,Skills,Sector
3f2dcf93,"Professional Profile
    Computer Science & Engineering (CSE) specialist with 5 years of experience in Cybersecurity.
    Education: Master's in Computer Science & Engineering (CSE).
    
    Key Skills: Problem Solving, Management
    
    Work Experience:
    Senior Engineer at Global Tech Corp.
    - Led projects involving Cybersecurity and Problem Solving.
    - Optimized processes resulting in 20% efficiency gain.
    - Mentored junior staff and managed cross-functional teams.
    
    Projects:
    Implementation of Cybersecurity framework for industrial scale.
    Certifications: Professional Computer Science & Engineering (CSE) Certification.",Computer Science & Engineering (CSE),Cybersecurity,Master's,5,"Problem Solving, Management",Industrial/Tech
67749193,"Professional Profile
    Computer Science & Engineering (CSE) specialist with 15 years of experience in Cloud Computing.
    Education: Diploma in Computer Science & Engineering (CSE).
    
    Key Skills: Problem Solving, Management
    
    Work Experience:
    Senior Engineer at Global Tech Corp.
    - Led projects involving Cloud Computing and Problem Solving.
    - Optimized processes resulting in 20% efficiency gain.
    - Mentored junior staff and managed cross-functional teams.
    
    Projects:
    Implementation of Cloud Computing framework for industrial scale.
    Certifications: Professional Computer Science & Engineering (CSE) Certification.",Computer Science & Engineering (CSE),Cloud Computing,Diploma,15,"Problem Solving, Management",Industrial/Tech
8d8ae744,"Professional Profile
    Computer Science & Engineering (CSE) specialist with 5 years of experience in Full Stack Development.
    Education: Diploma in Computer Science & Engineering (CSE).
    
    Key Skills: React, Node.js, JavaScript, MongoDB, REST APIs, Docker, AWS
    
    Work Experience:
    Senior Engineer at Global Tech Corp.
    - Led projects involving Full Stack Development and React.
    - Optimized processes resulting in 20% efficiency gain.
    - Mentored junior staff and managed cross-functional teams.
    
    Projects:
    Implementation of Full Stack Development framework for industrial scale.
    Certifications: Professional Computer Science & Engineering (CSE) Certification.",Computer Science & Engineering (CSE),Full Stack Development,Diploma,5,"React, Node.js, JavaScript, MongoDB, REST APIs, Docker, AWS",Industrial/Tech
949481a0,"Professional Profile
    Computer Science & Engineering (CSE) specialist with 7 years of experience in Full Stack Development.
    Education: Bachelor's in Computer Science & Engineering (CSE).
    
    Key Skills: React, Node.js, JavaScript, MongoDB, REST APIs, Docker, AWS
    
    Work Experience:
    Senior Engineer at Global Tech Corp.
    - Led projects involving Full Stack Development and React.
    - Optimized processes resulting in 20% efficiency gain.
    - Mentored junior staff and managed cross-functional teams.
    
    Projects:
    Implementation of Full Stack Development framework for industrial scale.
    Certifications: Professional Computer Science & Engineering (CSE) Certification.",Computer Science & Engineering (CSE),Full Stack Development,Bachelor's,7,"React, Node.js, JavaScript, MongoDB, REST APIs, Docker, AWS",Industrial/Tech
1b092a97,"Professional Profile
    Computer Science & Engineering (CSE) specialist with 3 years of experience in Cloud Computing.
    Education: Master's in Computer Science & Engineering (CSE).
    
    Key Skills: Problem Solving, Management
    
    Work Experience:
    Senior Engineer at Global Tech Corp.
    - Led projects involving Cloud Computing and Problem Solving.
    - Optimized processes resulting in 20% efficiency gain.
    - Mentored junior staff and managed cross-functional teams.
    
    Projects:
    Implementation of Cloud Computing framework for industrial scale.
    Certifications: Professional Computer Science & Engineering (CSE) Certification.",Computer Science & Engineering (CSE),Cloud Computing,Master's,3,"Problem Solving, Management",Industrial/Tech
833f0f04,"Professional Profile
    Computer Science & Engineering (CSE) specialist with 5 years of experience in AI/Machine Learning.
    Education: Master's in Computer Science & Engineering (CSE).
    
    Key Skills: Python, PyTorch, TensorFlow, Scikit-learn, Neural Networks, NLP, Computer Vision
    
    Work Experience:
    Senior Engineer at Global Tech Corp.
    - Led projects involving AI/Machine Learning and Python.
    - Optimized processes resulting in 20% efficiency gain.
    - Mentored junior staff and managed cross-functional teams.
    
    Projects:
    Implementation of AI/Machine Learning framework for industrial scale.
    Certifications: Professional Computer Science & Engineering (CSE) Certification.",Computer Science & Engineering (CSE),AI/Machine Learning,Master's,5,"Python, PyTorch, TensorFlow, Scikit-learn, Neural Networks, NLP, Computer Vision",Industrial/Tech
27bfb17c,"Professional Profile
    Computer Science & Engineering (CSE) specialist with 14 years of experience in Data Science.
    Education: Professional Certification in Computer Science & Engineering (CSE).
    
    Key Skills: R, SQL, Pandas, Tableau, Big Data, Statistical Modeling, Feature Engineering
    
    Work Experience:
    Senior Engineer at Global Tech Corp.
    - Led projects involving Data Science and R.
    - Optimized processes resulting in 20% efficiency gain.
    - Mentored junior staff and managed cross-functional teams.
    
    Projects:
    Implementation of Data Science framework for industrial scale.
    Certifications: Professional Computer Science & Engineering (CSE) Certification.",Computer Science & Engineering (CSE),Data Science,Professional Certification,14,"R, SQL, Pandas, Tableau, Big Data, Statistical Modeling, Feature Engineering",Industrial/Tech
eeaadd01,"Professional Profile
    Computer Science & Engineering (CSE) specialist with 7 years of experience in Cloud Computing.
    Education: Bachelor's in Computer Science & Engineering (CSE).
    
    Key Skills: Problem Solving, Management
    
    Work Experience:
    Senior Engineer at Global Tech Corp.
    - Led projects involving Cloud Computing and Problem Solving.
    - Optimized processes resulting in 20% efficiency gain.
    - Mentored junior staff and managed cross-functional teams.
    
    Projects:
    Implementation of Cloud Computing framework for industrial scale.
    Certifications: Professional Computer Science & Engineering (CSE) Certification.",Computer Science & Engineering (CSE),Cloud Computing,Bachelor's,7,"Problem Solving, Management",Industrial/Tech
90b07c13,"Professional Profile
    Computer Science & Engineering (CSE) specialist with 1 years of experience in Cybersecurity.
    Education: Diploma in Computer Science & Engineering (CSE).
    
    Key Skills: Problem Solving, Management
    
    Work Experience:
    Senior Engineer at Global Tech Corp.
    - Led projects involving Cybersecurity and Problem Solving.
    - Optimized processes resulting in 20% efficiency gain.
    - Mentored junior staff and managed cross-functional teams.
    
    Projects:
    Implementation of Cybersecurity framework for industrial scale.
    Certifications: Professional Computer Science & Engineering (CSE) Certification.",Computer Science & Engineering (CSE),Cybersecurity,Diploma,1,"Problem Solving, Management",Industrial/Tech
e7bd033f,"Professional Profile
    Computer Science & Engineering (CSE) specialist with 4 years of experience in AI/Machine Learning.
    Education: Professional Certification in Computer Science & Engineering (CSE).
    
    Key Skills: Python, PyTorch, TensorFlow, Scikit-learn, Neural Networks, NLP, Computer Vision
    
    Work Experience:
    Senior Engineer at Global Tech Corp.
    - Led projects involving AI/Machine Learning and Python.
    - Optimized processes resulting in 20% efficiency gain.
    - Mentored junior staff and managed cross-functional teams.
    
    Projects:
    Implementation of AI/Machine Learning framework for industrial scale.
    Certifications: Professional Computer Science & Engineering (CSE) Certification.",Computer Science & Engineering (CSE),AI/Machine Learning,Professional Certification,4,"Python, PyTorch, TensorFlow, Scikit-learn, Neural Networks, NLP, Computer Vision",Industrial/Tech
621a0029,"Professional Profile
    Computer Science & Engineering (CSE) specialist with 1 years of experience in Cloud Computing.
    Education: Professional Certification in Computer Science & Engineering (CSE).
    
    Key Skills: Problem Solving, Management
    
    Work Experience:
    Senior Engineer at Global Tech Corp.
    - Led projects involving Cloud Computing and Problem Solving.
    - Optimized processes resulting in 20% efficiency gain.
    - Mentored junior staff and managed cross-functional teams.
    
    Projects:
    Implementation of Cloud Computing framework for industrial scale.
    Certifications: Professional Computer Science & Engineering (CSE) Certification.",Computer Science & Engineering (CSE),Cloud Computing,Professional Certification,1,"Problem Solving, Management",Industrial/Tech
2314f841,"Professional Profile
    Computer Science & Engineering (CSE) specialist with 4 years of experience in Data Science.
    Education: Diploma in Computer Science & Engineering (CSE).
    
    Key Skills: R, SQL, Pandas, Tableau, Big Data, Statistical Modeling, Feature Engineering
    
    Work Experience:
    Senior Engineer at Global Tech Corp.
    - Led projects involving Data Science and R.
    - Optimized processes resulting in 20% efficiency gain.
    - Mentored junior staff and managed cross-functional teams.
    
    Projects:
    Implementation of Data Science framework for industrial scale.
    Certifications: Professional Computer Science & Engineering (CSE) Certification.",Computer Science & Engineering (CSE),Data Science,Diploma,4,"R, SQL, Pandas, Tableau, Big Data, Statistical Modeling, Feature Engineering",Industrial/Tech
6ee0e1be,"Professional Profile
    Computer Science & Engineering (CSE) specialist with 4 years of experience in AI/Machine Learning.
    Education: Master's in Computer Science & Engineering (CSE).
    
    Key Skills: Python, PyTorch, TensorFlow, Scikit-learn, Neural Networks, NLP, Computer Vision
    
    Work Experience:
    Senior Engineer at Global Tech Corp.
    - Led projects involving AI/Machine Learning and Python.
    - Optimized processes resulting in 20% efficiency gain.
    - Mentored junior staff and managed cross-functional teams.
    
    Projects:
    Implementation of AI/Machine Learning framework for industrial scale.
    Certifications: Professional Computer Science & Engineering (CSE) Certification.",Computer Science & Engineering (CSE),AI/Machine Learning,Master's,4,"Python, PyTorch, TensorFlow, Scikit-learn, Neural Networks, NLP, Computer Vision",Industrial/Tech
44adb8ed,"Professional Profile
    Computer Science & Engineering (CSE) specialist with 12 years of experience in Cloud Computing.
    Education: Master's in Computer Science & Engineering (CSE).
    
    Key Skills: Problem Solving, Management
    
    Work Experience:
    Senior Engineer at Global Tech Corp.
    - Led projects involving Cloud Computing and Problem Solving.
    - Optimized processes resulting in 20% efficiency gain.
    - Mentored junior staff and managed cross-functional teams.
    
    Projects:
    Implementation of Cloud Computing framework for industrial scale.
    Certifications: Professional Computer Science & Engineering (CSE) Certification.",Computer Science & Engineering (CSE),Cloud Computing,Master's,12,"Problem Solving, Management",Industrial/Tech
875957ca,"Professional Profile
    Computer Science & Engineering (CSE) specialist with 1 years of experience in Full Stack Development.
    Education: Professional Certification in Computer Science & Engineering (CSE).
    
    Key Skills: React, Node.js, JavaScript, MongoDB, REST APIs, Docker, AWS
    
    Work Experience:
    Senior Engineer at Global Tech Corp.
    - Led projects involving Full Stack Development and React.
    - Optimized processes resulting in 20% efficiency gain.
    - Mentored junior staff and managed cross-functional teams.
    
    Projects:
    Implementation of Full Stack Development framework for industrial scale.
    Certifications: Professional Computer Science & Engineering (CSE) Certification.",Computer Science & Engineering (CSE),Full Stack Development,Professional Certification,1,"React, Node.js, JavaScript, MongoDB, REST APIs, Docker, AWS",Industrial/Tech
ea72d3b7,"Professional Profile
    Computer Science & Engineering (CSE) specialist with 3 years of experience in Cybersecurity.
    Education: Professional Certification in Computer Science & Engineering (CSE).
    
    Key Skills: Problem Solving, Management
    
    Work Experience:
    Senior Engineer at Global Tech Corp.
    - Led projects involving Cybersecurity and Problem Solving.
    - Optimized processes resulting in 20% efficiency gain.
    - Mentored junior staff and managed cross-functional teams.
    
    Projects:
    Implementation of Cybersecurity framework for industrial scale.
    Certifications: Professional Computer Science & Engineering (CSE) Certification.",Computer Science & Engineering (CSE),Cybersecurity,Professional Certification,3,"Problem Solving, Management",Industrial/Tech
95913906,"Professional Profile
    Computer Science & Engineering (CSE) specialist with 11 years of experience in Full Stack Development.
    Education: Professional Certification in Computer Science & Engineering (CSE).
    
    Key Skills: React, Node.js, JavaScript, MongoDB, REST APIs, Docker, AWS
    
    Work Experience:
    Senior Engineer at Global Tech Corp.
    - Led projects involving Full Stack Development and React.
    - Optimized processes resulting in 20% efficiency gain.
    - Mentored junior staff and managed cross-functional teams.
    
    Projects:
    Implementation of Full Stack Development framework for industrial scale.
    Certifications: Professional Computer Science & Engineering (CSE) Certification.",Computer Science & Engineering (CSE),Full Stack Development,Professional Certification,11,"React, Node.js, JavaScript, MongoDB, REST APIs, Docker, AWS",Industrial/Tech
f2db1ba9,"Professional Profile
    Computer Science & Engineering (CSE) specialist with 10 years of experience in Cloud Computing.
    Education: Master's in Computer Science & Engineering (CSE).
    
    Key Skills: Problem Solving, Management
    
    Work Experience:
    Senior Engineer at Global Tech Corp.
    - Led projects involving Cloud Computing and Problem Solving.
    - Optimized processes resulting in 20% efficiency gain.
    - Mentored junior staff and managed cross-functional teams.
    
    Projects:
    Implementation of Cloud Computing framework for industrial scale.
    Certifications: Professional Computer Science & Engineering (CSE) Certification.",Computer Science & Engineering (CSE),Cloud Computing,Master's,10,"Problem Solving, Management",Industrial/Tech
817685f7,"Professional Profile
    Computer Science & Engineering (CSE) specialist with 14 years of experience in Cloud Computing.
    Education: Professional Certification in Computer Science & Engineering (CSE).
    
    Key Skills: Problem Solving, Management
    
    Work Experience:
    Senior Engineer at Global Tech Corp.
    - Led projects involving Cloud Computing and Problem Solving.
    - Optimized processes resulting in 20% efficiency gain.
    - Mentored junior staff and managed cross-functional teams.
    
    Projects:
    Implementation of Cloud Computing framework for industrial scale.
    Certifications: Professional Computer Science & Engineering (CSE) Certification.",Computer Science & Engineering (CSE),Cloud Computing,Professional Certification,14,"Problem Solving, Management",Industrial/Tech
49012ed8,"Professional Profile
    Computer Science & Engineering (CSE) specialist with 5 years of experience in AI/Machine Learning.
    Education: Professional Certification in Computer Science & Engineering (CSE).
    
    Key Skills: Python, PyTorch, TensorFlow, Scikit-learn, Neural Networks, NLP, Computer Vision
    
    Work Experience:
    Senior Engineer at Global Tech Corp.
    - Led projects involving AI/Machine Learning and Python.
    - Optimized processes resulting in 20% efficiency gain.
    - Mentored junior staff and managed cross-functional teams.
    
    Projects:
    Implementation of AI/Machine Learning framework for industrial scale.
    Certifications: Professional Computer Science & Engineering (CSE) Certification.",Computer Science & Engineering (CSE),AI/Machine Learning,Professional Certification,5,"Python, PyTorch, TensorFlow, Scikit-learn, Neural Networks, NLP, Computer Vision",Industrial/Tech
271923b8,"Professional Profile
    Computer Science & Engineering (CSE) specialist with 15 years of experience in Cybersecurity.
    Education: Diploma in Computer Science & Engineering (CSE).
    
    Key Skills: Problem Solving, Management
    
    Work Experience:
    Senior Engineer at Global Tech Corp.
    - Led projects involving Cybersecurity and Problem Solving.
    - Optimized processes resulting in 20% efficiency gain.
    - Mentored junior staff and managed cross-functional teams.
    
    Projects:
    Implementation of Cybersecurity framework for industrial scale.
    Certifications: Professional Computer Science & Engineering (CSE) Certification.",Computer Science & Engineering (CSE),Cybersecurity,Diploma,15,"Problem Solving, Management",Industrial/Tech
85864c39,"Professional Profile
    Computer Science & Engineering (CSE) specialist with 5 years of experience in AI/Machine Learning.
    Education: Bachelor's in Computer Science & Engineering (CSE).
    
    Key Skills: Python, PyTorch, TensorFlow, Scikit-learn, Neural Networks, NLP, Computer Vision
    
    Work Experience:
    Senior Engineer at Global Tech Corp.
    - Led projects involving AI/Machine Learning and Python.
    - Optimized processes resulting in 20% efficiency gain.
    - Mentored junior staff and managed cross-functional teams.
    
    Projects:
    Implementation of AI/Machine Learning framework for industrial scale.
    Certifications: Professional Computer Science & Engineering (CSE) Certification.",Computer Science & Engineering (CSE),AI/Machine Learning,Bachelor's,5,"Python, PyTorch, TensorFlow, Scikit-learn, Neural Networks, NLP, Computer Vision",Industrial/Tech
8967b47f,"Professional Profile
    Computer Science & Engineering (CSE) specialist with 12 years of experience in Data Science.
    Education: Diploma in Computer Science & Engineering (CSE).
    
    Key Skills: R, SQL, Pandas, Tableau, Big Data, Statistical Modeling, Feature Engineering
    
    Work Experience:
    Senior Engineer at Global Tech Corp.
    - Led projects involving Data Science and R.
    - Optimized processes resulting in 20% efficiency gain.
    - Mentored junior staff and managed cross-functional teams.
    
    Projects:
    Implementation of Data Science framework for industrial scale.
    Certifications: Professional Computer Science & Engineering (CSE) Certification.",Computer Science & Engineering (CSE),Data Science,Diploma,12,"R, SQL, Pandas, Tableau, Big Data, Statistical Modeling, Feature Engineering",Industrial/Tech
fd7aaa0a,"Professional Profile
    Computer Science & Engineering (CSE) specialist with 10 years of experience in Data Science.
    Education: Master's in Computer Science & Engineering (CSE).
    
    Key Skills: R, SQL, Pandas, Tableau, Big Data, Statistical Modeling, Feature Engineering
    
    Work Experience:
    Senior Engineer at Global Tech Corp.
    - Led projects involving Data Science and R.
    - Optimized processes resulting in 20% efficiency gain.
    - Mentored junior staff and managed cross-functional teams.
    
    Projects:
    Implementation of Data Science framework for industrial scale.
    Certifications: Professional Computer Science & Engineering (CSE) Certification.",Computer Science & Engineering (CSE),Data Science,Master's,10,"R, SQL, Pandas, Tableau, Big Data, Statistical Modeling, Feature Engineering",Industrial/Tech
3d319f0b,"Professional Profile
    Computer Science & Engineering (CSE) specialist with 6 years of experience in AI/Machine Learning.
    Education: Master's in Computer Science & Engineering (CSE).
    
    Key Skills: Python, PyTorch, TensorFlow, Scikit-learn, Neural Networks, NLP, Computer Vision
    
    Work Experience:
    Senior Engineer at Global Tech Corp.
    - Led projects involving AI/Machine Learning and Python.
    - Optimized processes resulting in 20% efficiency gain.
    - Mentored junior staff and managed cross-functional teams.
    
    Projects:
    Implementation of AI/Machine Learning framework for industrial scale.
    Certifications: Professional Computer Science & Engineering (CSE) Certification.",Computer Science & Engineering (CSE),AI/Machine Learning,Master's,6,"Python, PyTorch, TensorFlow, Scikit-learn, Neural Networks, NLP, Computer Vision",Industrial/Tech
0029808b,"Professional Profile
    Computer Science & Engineering (CSE) specialist with 5 years of experience in Data Science.
    Education: Master's in Computer Science & Engineering (CSE).
    
    Key Skills: R, SQL, Pandas, Tableau, Big Data, Statistical Modeling, Feature Engineering
    
    Work Experience:
    Senior Engineer at Global Tech Corp.
    - Led projects involving Data Science and R.
    - Optimized processes resulting in 20% efficiency gain.
    - Mentored junior staff and managed cross-functional teams.
    
    Projects:
    Implementation of Data Science framework for industrial scale.
    Certifications: Professional Computer Science & Engineering (CSE) Certification.",Computer Science & Engineering (CSE),Data Science,Master's,5,"R, SQL, Pandas, Tableau, Big Data, Statistical Modeling, Feature Engineering",Industrial/Tech
31be14ab,"Professional Profile
    Computer Science & Engineering (CSE) specialist with 5 years of experience in Full Stack Development.
    Education: Bachelor's in Computer Science & Engineering (CSE).
    
    Key Skills: React, Node.js, JavaScript, MongoDB, REST APIs, Docker, AWS
    
    Work Experience:
    Senior Engineer at Global Tech Corp.
    - Led projects involving Full Stack Development and React.
    - Optimized processes resulting in 20% efficiency gain.
    - Mentored junior staff and managed cross-functional teams.
    
    Projects:
    Implementation of Full Stack Development framework for industrial scale.
    Certifications: Professional Computer Science & Engineering (CSE) Certification.",Computer Science & Engineering (CSE),Full Stack Development,Bachelor's,5,"React, Node.js, JavaScript, MongoDB, REST APIs, Docker, AWS",Industrial/Tech
96ec4fe8,"Professional Profile
    Computer Science & Engineering (CSE) specialist with 9 years of experience in Cloud Computing.
    Education: Bachelor's in Computer Science & Engineering (CSE).
    
    Key Skills: Problem Solving, Management
    
    Work Experience:
    Senior Engineer at Global Tech Corp.
    - Led projects involving Cloud Computing and Problem Solving.
    - Optimized processes resulting in 20% efficiency gain.
    - Mentored junior staff and managed cross-functional teams.
    
    Projects:
    Implementation of Cloud Computing framework for industrial scale.
    Certifications: Professional Computer Science & Engineering (CSE) Certification.",Computer Science & Engineering (CSE),Cloud Computing,Bachelor's,9,"Problem Solving, Management",Industrial/Tech
771b835b,"Professional Profile
    Computer Science & Engineering (CSE) specialist with 10 years of experience in AI/Machine Learning.
    Education: Bachelor's in Computer Science & Engineering (CSE).
    
    Key Skills: Python, PyTorch, TensorFlow, Scikit-learn, Neural Networks, NLP, Computer Vision
    
    Work Experience:
    Senior Engineer at Global Tech Corp.
    - Led projects involving AI/Machine Learning and Python.
    - Optimized processes resulting in 20% efficiency gain.
    - Mentored junior staff and managed cross-functional teams.
    
    Projects:
    Implementation of AI/Machine Learning framework for industrial scale.
    Certifications: Professional Computer Science & Engineering (CSE) Certification.",Computer Science & Engineering (CSE),AI/Machine Learning,Bachelor's,10,"Python, PyTorch, TensorFlow, Scikit-learn, Neural Networks, NLP, Computer Vision",Industrial/Tech
ba580ee4,"Professional Profile
    Computer Science & Engineering (CSE) specialist with 2 years of experience in Full Stack Development.
    Education: Professional Certification in Computer Science & Engineering (CSE).
    
    Key Skills: React, Node.js, JavaScript, MongoDB, REST APIs, Docker, AWS
    
    Work Experience:
    Senior Engineer at Global Tech Corp.
    - Led projects involving Full Stack Development and React.
    - Optimized processes resulting in 20% efficiency gain.
    - Mentored junior staff and managed cross-functional teams.
    
    Projects:
    Implementation of Full Stack Development framework for industrial scale.
    Certifications: Professional Computer Science & Engineering (CSE) Certification.",Computer Science & Engineering (CSE),Full Stack Development,Professional Certification,2,"React, Node.js, JavaScript, MongoDB, REST APIs, Docker, AWS",Industrial/Tech
ea805a4c,"Professional Profile
    Computer Science & Engineering (CSE) specialist with 11 years of experience in Full Stack Development.
    Education: Diploma in Computer Science & Engineering (CSE).
    
    Key Skills: React, Node.js, JavaScript, MongoDB, REST APIs, Docker, AWS
    
    Work Experience:
    Senior Engineer at Global Tech Corp.
    - Led projects involving Full Stack Development and React.
    - Optimized processes resulting in 20% efficiency gain.
    - Mentored junior staff and managed cross-functional teams.
    
    Projects:
    Implementation of Full Stack Development framework for industrial scale.
    Certifications: Professional Computer Science & Engineering (CSE) Certification.",Computer Science & Engineering (CSE),Full Stack Development,Diploma,11,"React, Node.js, JavaScript, MongoDB, REST APIs, Docker, AWS",Industrial/Tech
d0a38ba9,"Professional Profile
    Computer Science & Engineering (CSE) specialist with 4 years of experience in Cybersecurity.
    Education: Professional Certification in Computer Science & Engineering (CSE).
    
    Key Skills: Problem Solving, Management
    
    Work Experience:
    Senior Engineer at Global Tech Corp.
    - Led projects involving Cybersecurity and Problem Solving.
    - Optimized processes resulting in 20% efficiency gain.
    - Mentored junior staff and managed cross-functional teams.
    
    Projects:
    Implementation of Cybersecurity framework for industrial scale.
    Certifications: Professional Computer Science & Engineering (CSE) Certification.",Computer Science & Engineering (CSE),Cybersecurity,Professional Certification,4,"Problem Solving, Management",Industrial/Tech
d3fa5b3a,"Professional Profile
    Computer Science & Engineering (CSE) specialist with 5 years of experience in Cybersecurity.
    Education: Bachelor's in Computer Science & Engineering (CSE).
    
    Key Skills: Problem Solving, Management
    
    Work Experience:
    Senior Engineer at Global Tech Corp.
    - Led projects involving Cybersecurity and Problem Solving.
    - Optimized processes resulting in 20% efficiency gain.
    - Mentored junior staff and managed cross-functional teams.
    
    Projects:
    Implementation of Cybersecurity framework for industrial scale.
    Certifications: Professional Computer Science & Engineering (CSE) Certification.",Computer Science & Engineering (CSE),Cybersecurity,Bachelor's,5,"Problem Solving, Management",Industrial/Tech
34f7eda6,"Professional Profile
    Computer Science & Engineering (CSE) specialist with 9 years of experience in Cloud Computing.
    Education: Bachelor's in Computer Science & Engineering (CSE).
    
    Key Skills: Problem Solving, Management
    
    Work Experience:
    Senior Engineer at Global Tech Corp.
    - Led projects involving Cloud Computing and Problem Solving.
    - Optimized processes resulting in 20% efficiency gain.
    - Mentored junior staff and managed cross-functional teams.
    
    Projects:
    Implementation of Cloud Computing framework for industrial scale.
    Certifications: Professional Computer Science & Engineering (CSE) Certification.",Computer Science & Engineering (CSE),Cloud Computing,Bachelor's,9,"Problem Solving, Management",Industrial/Tech
a15cc447,"Professional Profile
    Computer Science & Engineering (CSE) specialist with 15 years of experience in Full Stack Development.
    Education: Bachelor's in Computer Science & Engineering (CSE).
    
    Key Skills: React, Node.js, JavaScript, MongoDB, REST APIs, Docker, AWS
    
    Work Experience:
    Senior Engineer at Global Tech Corp.
    - Led projects involving Full Stack Development and React.
    - Optimized processes resulting in 20% efficiency gain.
    - Mentored junior staff and managed cross-functional teams.
    
    Projects:
    Implementation of Full Stack Development framework for industrial scale.
    Certifications: Professional Computer Science & Engineering (CSE) Certification.",Computer Science & Engineering (CSE),Full Stack Development,Bachelor's,15,"React, Node.js, JavaScript, MongoDB, REST APIs, Docker, AWS",Industrial/Tech
5285b565,"Professional Profile
    Computer Science & Engineering (CSE) specialist with 7 years of experience in Cloud Computing.
    Education: Professional Certification in Computer Science & Engineering (CSE).
    
    Key Skills: Problem Solving, Management
    
    Work Experience:
    Senior Engineer at Global Tech Corp.
    - Led projects involving Cloud Computing and Problem Solving.
    - Optimized processes resulting in 20% efficiency gain.
    - Mentored junior staff and managed cross-functional teams.
    
    Projects:
    Implementation of Cloud Computing framework for industrial scale.
    Certifications: Professional Computer Science & Engineering (CSE) Certification.",Computer Science & Engineering (CSE),Cloud Computing,Professional Certification,7,"Problem Solving, Management",Industrial/Tech
ee628874,"Professional Profile
    Computer Science & Engineering (CSE) specialist with 10 years of experience in Cybersecurity.
    Education: Master's in Computer Science & Engineering (CSE).
    
    Key Skills: Problem Solving, Management
    
    Work Experience:
    Senior Engineer at Global Tech Corp.
    - Led projects involving Cybersecurity and Problem Solving.
    - Optimized processes resulting in 20% efficiency gain.
    - Mentored junior staff and managed cross-functional teams.
    
    Projects:
    Implementation of Cybersecurity framework for industrial scale.
    Certifications: Professional Computer Science & Engineering (CSE) Certification.",Computer Science & Engineering (CSE),Cybersecurity,Master's,10,"Problem Solving, Management",Industrial/Tech
6746802c,"Professional Profile
    Computer Science & Engineering (CSE) specialist with 15 years of experience in Full Stack Development.
    Education: Master's in Computer Science & Engineering (CSE).
    
    Key Skills: React, Node.js, JavaScript, MongoDB, REST APIs, Docker, AWS
    
    Work Experience:
    Senior Engineer at Global Tech Corp.
    - Led projects involving Full Stack Development and React.
    - Optimized processes resulting in 20% efficiency gain.
    - Mentored junior staff and managed cross-functional teams.
    
    Projects:
    Implementation of Full Stack Development framework for industrial scale.
    Certifications: Professional Computer Science & Engineering (CSE) Certification.",Computer Science & Engineering (CSE),Full Stack Development,Master's,15,"React, Node.js, JavaScript, MongoDB, REST APIs, Docker, AWS",Industrial/Tech
bfe93d53,"Professional Profile
    Computer Science & Engineering (CSE) specialist with 4 years of experience in Cybersecurity.
    Education: Professional Certification in Computer Science & Engineering (CSE).
    
    Key Skills: Problem Solving, Management
    
    Work Experience:
    Senior Engineer at Global Tech Corp.
    - Led projects involving Cybersecurity and Problem Solving.
    - Optimized processes resulting in 20% efficiency gain.
    - Mentored junior staff and managed cross-functional teams.
    
    Projects:
    Implementation of Cybersecurity framework for industrial scale.
    Certifications: Professional Computer Science & Engineering (CSE) Certification.",Computer Science & Engineering (CSE),Cybersecurity,Professional Certification,4,"Problem Solving, Management",Industrial/Tech
ebb0c0b3,"Professional Profile
    Computer Science & Engineering (CSE) specialist with 9 years of experience in Cybersecurity.
    Education: Master's in Computer Science & Engineering (CSE).
    
    Key Skills: Problem Solving, Management
    
    Work Experience:
    Senior Engineer at Global Tech Corp.
    - Led projects involving Cybersecurity and Problem Solving.
    - Optimized processes resulting in 20% efficiency gain.
    - Mentored junior staff and managed cross-functional teams.
    
    Projects:
    Implementation of Cybersecurity framework for industrial scale.
    Certifications: Professional Computer Science & Engineering (CSE) Certification.",Computer Science & Engineering (CSE),Cybersecurity,Master's,9,"Problem Solving, Management",Industrial/Tech
e4d6752c,"Professional Profile
    Electronics & Communication (ECE) specialist with 2 years of experience in Telecommunications.
    Education: Professional Certification in Electronics & Communication (ECE).
    
    Key Skills: Problem Solving, Management
    
    Work Experience:
    Senior Engineer at Global Tech Corp.
    - Led projects involving Telecommunications and Problem Solving.
    - Optimized processes resulting in 20% efficiency gain.
    - Mentored junior staff and managed cross-functional teams.
    
    Projects:
    Implementation of Telecommunications framework for industrial scale.
    Certifications: Professional Electronics & Communication (ECE) Certification.",Electronics & Communication (ECE),Telecommunications,Professional Certification,2,"Problem Solving, Management",Industrial/Tech
867b2480,"Professional Profile
    Electronics & Communication (ECE) specialist with 12 years of experience in VLSI Design.
    Education: Bachelor's in Electronics & Communication (ECE).
    
    Key Skills: Problem Solving, Management
    
    Work Experience:
    Senior Engineer at Global Tech Corp.
    - Led projects involving VLSI Design and Problem Solving.
    - Optimized processes resulting in 20% efficiency gain.
    - Mentored junior staff and managed cross-functional teams.
    
    Projects:
    Implementation of VLSI Design framework for industrial scale.
    Certifications: Professional Electronics & Communication (ECE) Certification.",Electronics & Communication (ECE),VLSI Design,Bachelor's,12,"Problem Solving, Management",Industrial/Tech
45a0a193,"Professional Profile
    Electronics & Communication (ECE) specialist with 15 years of experience in VLSI Design.
    Education: Bachelor's in Electronics & Communication (ECE).
    
    Key Skills: Problem Solving, Management
    
    Work Experience:
    Senior Engineer at Global Tech Corp.
    - Led projects involving VLSI Design and Problem Solving.
    - Optimized processes resulting in 20% efficiency gain.
    - Mentored junior staff and managed cross-functional teams.
    
    Projects:
    Implementation of VLSI Design framework for industrial scale.
    Certifications: Professional Electronics & Communication (ECE) Certification.",Electronics & Communication (ECE),VLSI Design,Bachelor's,15,"Problem Solving, Management",Industrial/Tech
f9491b97,"Professional Profile
    Electronics & Communication (ECE) specialist with 1 years of experience in Digital Signal Processing.
    Education: Diploma in Electronics & Communication (ECE).
    
    Key Skills: Problem Solving, Management
    
    Work Experience:
    Senior Engineer at Global Tech Corp.
    - Led projects involving Digital Signal Processing and Problem Solving.
    - Optimized processes resulting in 20% efficiency gain.
    - Mentored junior staff and managed cross-functional teams.
    
    Projects:
    Implementation of Digital Signal Processing framework for industrial scale.
    Certifications: Professional Electronics & Communication (ECE) Certification.",Electronics & Communication (ECE),Digital Signal Processing,Diploma,1,"Problem Solving, Management",Industrial/Tech
1f98d16b,"Professional Profile
    Electronics & Communication (ECE) specialist with 9 years of experience in Telecommunications.
    Education: Master's in Electronics & Communication (ECE).
    
    Key Skills: Problem Solving, Management
    
    Work Experience:
    Senior Engineer at Global Tech Corp.
    - Led projects involving Telecommunications and Problem Solving.
    - Optimized processes resulting in 20% efficiency gain.
    - Mentored junior staff and managed cross-functional teams.
    
    Projects:
    Implementation of Telecommunications framework for industrial scale.
    Certifications: Professional Electronics & Communication (ECE) Certification.",Electronics & Communication (ECE),Telecommunications,Master's,9,"Problem Solving, Management",Industrial/Tech
956b521b,"Professional Profile
    Electronics & Communication (ECE) specialist with 15 years of experience in Telecommunications.
    Education: Master's in Electronics & Communication (ECE).
    
    Key Skills: Problem Solving, Management
    
    Work Experience:
    Senior Engineer at Global Tech Corp.
    - Led projects involving Telecommunications and Problem Solving.
    - Optimized processes resulting in 20% efficiency gain.
    - Mentored junior staff and managed cross-functional teams.
    
    Projects:
    Implementation of Telecommunications framework for industrial scale.
    Certifications: Professional Electronics & Communication (ECE) Certification.",Electronics & Communication (ECE),Telecommunications,Master's,15,"Problem Solving, Management",Industrial/Tech
7c5f6ae8,"Professional Profile
    Electronics & Communication (ECE) specialist with 11 years of experience in VLSI Design.
    Education: Bachelor's in Electronics & Communication (ECE).
    
    Key Skills: Problem Solving, Management
    
    Work Experience:
    Senior Engineer at Global Tech Corp.
    - Led projects involving VLSI Design and Problem Solving.
    - Optimized processes resulting in 20% efficiency gain.
    - Mentored junior staff and managed cross-functional teams.
    
    Projects:
    Implementation of VLSI Design framework for industrial scale.
    Certifications: Professional Electronics & Communication (ECE) Certification.",Electronics & Communication (ECE),VLSI Design,Bachelor's,11,"Problem Solving, Management",Industrial/Tech
fbf6b6a9,"Professional Profile
    Electronics & Communication (ECE) specialist with 4 years of experience in Telecommunications.
    Education: Bachelor's in Electronics & Communication (ECE).
    
    Key Skills: Problem Solving, Management
    
    Work Experience:
    Senior Engineer at Global Tech Corp.
    - Led projects involving Telecommunications and Problem Solving.
    - Optimized processes resulting in 20% efficiency gain.
    - Mentored junior staff and managed cross-functional teams.
    
    Projects:
    Implementation of Telecommunications framework for industrial scale.
    Certifications: Professional Electronics & Communication (ECE) Certification.",Electronics & Communication (ECE),Telecommunications,Bachelor's,4,"Problem Solving, Management",Industrial/Tech
8beaf9ca,"Professional Profile
    Electronics & Communication (ECE) specialist with 4 years of experience in Embedded Systems.
    Education: Master's in Electronics & Communication (ECE).
    
    Key Skills: Problem Solving, Management
    
    Work Experience:
    Senior Engineer at Global Tech Corp.
    - Led projects involving Embedded Systems and Problem Solving.
    - Optimized processes resulting in 20% efficiency gain.
    - Mentored junior staff and managed cross-functional teams.
    
    Projects:
    Implementation of Embedded Systems framework for industrial scale.
    Certifications: Professional Electronics & Communication (ECE) Certification.",Electronics & Communication (ECE),Embedded Systems,Master's,4,"Problem Solving, Management",Industrial/Tech
ec2e5af2,"Professional Profile
    Electronics & Communication (ECE) specialist with 15 years of experience in Digital Signal Processing.
    Education: Master's in Electronics & Communication (ECE).
    
    Key Skills: Problem Solving, Management
    
    Work Experience:
    Senior Engineer at Global Tech Corp.
    - Led projects involving Digital Signal Processing and Problem Solving.
    - Optimized processes resulting in 20% efficiency gain.
    - Mentored junior staff and managed cross-functional teams.
    
    Projects:
    Implementation of Digital Signal Processing framework for industrial scale.
    Certifications: Professional Electronics & Communication (ECE) Certification.",Electronics & Communication (ECE),Digital Signal Processing,Master's,15,"Problem Solving, Management",Industrial/Tech
62bc771c,"Professional Profile
    Electronics & Communication (ECE) specialist with 13 years of experience in Embedded Systems.
    Education: Bachelor's in Electronics & Communication (ECE).
    
    Key Skills: Problem Solving, Management
    
    Work Experience:
    Senior Engineer at Global Tech Corp.
    - Led projects involving Embedded Systems and Problem Solving.
    - Optimized processes resulting in 20% efficiency gain.
    - Mentored junior staff and managed cross-functional teams.
    
    Projects:
    Implementation of Embedded Systems framework for industrial scale.
    Certifications: Professional Electronics & Communication (ECE) Certification.",Electronics & Communication (ECE),Embedded Systems,Bachelor's,13,"Problem Solving, Management",Industrial/Tech
cf8b119b,"Professional Profile
    Electronics & Communication (ECE) specialist with 7 years of experience in Telecommunications.
    Education: Professional Certification in Electronics & Communication (ECE).
    
    Key Skills: Problem Solving, Management
    
    Work Experience:
    Senior Engineer at Global Tech Corp.
    - Led projects involving Telecommunications and Problem Solving.
    - Optimized processes resulting in 20% efficiency gain.
    - Mentored junior staff and managed cross-functional teams.
    
    Projects:
    Implementation of Telecommunications framework for industrial scale.
    Certifications: Professional Electronics & Communication (ECE) Certification.",Electronics & Communication (ECE),Telecommunications,Professional Certification,7,"Problem Solving, Management",Industrial/Tech
db882e9a,"Professional Profile
    Electronics & Communication (ECE) specialist with 12 years of experience in Digital Signal Processing.
    Education: Diploma in Electronics & Communication (ECE).
    
    Key Skills: Problem Solving, Management
    
    Work Experience:
    Senior Engineer at Global Tech Corp.
    - Led projects involving Digital Signal Processing and Problem Solving.
    - Optimized processes resulting in 20% efficiency gain.
    - Mentored junior staff and managed cross-functional teams.
    
    Projects:
    Implementation of Digital Signal Processing framework for industrial scale.
    Certifications: Professional Electronics & Communication (ECE) Certification.",Electronics & Communication (ECE),Digital Signal Processing,Diploma,12,"Problem Solving, Management",Industrial/Tech
6f214cda,"Professional Profile
    Electronics & Communication (ECE) specialist with 6 years of experience in Telecommunications.
    Education: Bachelor's in Electronics & Communication (ECE).
    
    Key Skills: Problem Solving, Management
    
    Work Experience:
    Senior Engineer at Global Tech Corp.
    - Led projects involving Telecommunications and Problem Solving.
    - Optimized processes resulting in 20% efficiency gain.
    - Mentored junior staff and managed cross-functional teams.
    
    Projects:
    Implementation of Telecommunications framework for industrial scale.
    Certifications: Professional Electronics & Communication (ECE) Certification.",Electronics & Communication (ECE),Telecommunications,Bachelor's,6,"Problem Solving, Management",Industrial/Tech
41702efd,"Professional Profile
    Electronics & Communication (ECE) specialist with 15 years of experience in Telecommunications.
    Education: Bachelor's in Electronics & Communication (ECE).
    
    Key Skills: Problem Solving, Management
    
    Work Experience:
    Senior Engineer at Global Tech Corp.
    - Led projects involving Telecommunications and Problem Solving.
    - Optimized processes resulting in 20% efficiency gain.
    - Mentored junior staff and managed cross-functional teams.
    
    Projects:
    Implementation of Telecommunications framework for industrial scale.
    Certifications: Professional Electronics & Communication (ECE) Certification.",Electronics & Communication (ECE),Telecommunications,Bachelor's,15,"Problem Solving, Management",Industrial/Tech
41501589,"Professional Profile
    Electronics & Communication (ECE) specialist with 9 years of experience in Digital Signal Processing.
    Education: Diploma in Electronics & Communication (ECE).
    
    Key Skills: Problem Solving, Management
    
    Work Experience:
    Senior Engineer at Global Tech Corp.
    - Led projects involving Digital Signal Processing and Problem Solving.
    - Optimized processes resulting in 20% efficiency gain.
    - Mentored junior staff and managed cross-functional teams.
    
    Projects:
    Implementation of Digital Signal Processing framework for industrial scale.
    Certifications: Professional Electronics & Communication (ECE) Certification.",Electronics & Communication (ECE),Digital Signal Processing,Diploma,9,"Problem Solving, Management",Industrial/Tech
9d2186e0,"Professional Profile
    Electronics & Communication (ECE) specialist with 14 years of experience in Embedded Systems.
    Education: Bachelor's in Electronics & Communication (ECE).
    
    Key Skills: Problem Solving, Management
    
    Work Experience:
    Senior Engineer at Global Tech Corp.
    - Led projects involving Embedded Systems and Problem Solving.
    - Optimized processes resulting in 20% efficiency gain.
    - Mentored junior staff and managed cross-functional teams.
    
    Projects:
    Implementation of Embedded Systems framework for industrial scale.
    Certifications: Professional Electronics & Communication (ECE) Certification.",Electronics & Communication (ECE),Embedded Systems,Bachelor's,14,"Problem Solving, Management",Industrial/Tech
f28021a2,"Professional Profile
    Electronics & Communication (ECE) specialist with 8 years of experience in Embedded Systems.
    Education: Diploma in Electronics & Communication (ECE).
    
    Key Skills: Problem Solving, Management
    
    Work Experience:
    Senior Engineer at Global Tech Corp.
    - Led projects involving Embedded Systems and Problem Solving.
    - Optimized processes resulting in 20% efficiency gain.
    - Mentored junior staff and managed cross-functional teams.
    
    Projects:
    Implementation of Embedded Systems framework for industrial scale.
    Certifications: Professional Electronics & Communication (ECE) Certification.",Electronics & Communication (ECE),Embedded Systems,Diploma,8,"Problem Solving, Management",Industrial/Tech
b8bcea94,"Professional Profile
    Electronics & Communication (ECE) specialist with 12 years of experience in Digital Signal Processing.
    Education: Master's in Electronics & Communication (ECE).
    
    Key Skills: Problem Solving, Management
    
    Work Experience:
    Senior Engineer at Global Tech Corp.
    - Led projects involving Digital Signal Processing and Problem Solving.
    - Optimized processes resulting in 20% efficiency gain.
    - Mentored junior staff and managed cross-functional teams.
    
    Projects:
    Implementation of Digital Signal Processing framework for industrial scale.
    Certifications: Professional Electronics & Communication (ECE) Certification.",Electronics & Communication (ECE),Digital Signal Processing,Master's,12,"Problem Solving, Management",Industrial/Tech
6ab90dd6,"Professional Profile
    Electronics & Communication (ECE) specialist with 13 years of experience in Digital Signal Processing.
    Education: Diploma in Electronics & Communication (ECE).
    
    Key Skills: Problem Solving, Management
    
    Work Experience:
    Senior Engineer at Global Tech Corp.
    - Led projects involving Digital Signal Processing and Problem Solving.
    - Optimized processes resulting in 20% efficiency gain.
    - Mentored junior staff and managed cross-functional teams.
    
    Projects:
    Implementation of Digital Signal Processing framework for industrial scale.
    Certifications: Professional Electronics & Communication (ECE) Certification.",Electronics & Communication (ECE),Digital Signal Processing,Diploma,13,"Problem Solving, Management",Industrial/Tech
3fb33870,"Professional Profile
    Electronics & Communication (ECE) specialist with 4 years of experience in Telecommunications.
    Education: Diploma in Electronics & Communication (ECE).
    
    Key Skills: Problem Solving, Management
    
    Work Experience:
    Senior Engineer at Global Tech Corp.
    - Led projects involving Telecommunications and Problem Solving.
    - Optimized processes resulting in 20% efficiency gain.
    - Mentored junior staff and managed cross-functional teams.
    
    Projects:
    Implementation of Telecommunications framework for industrial scale.
    Certifications: Professional Electronics & Communication (ECE) Certification.",Electronics & Communication (ECE),Telecommunications,Diploma,4,"Problem Solving, Management",Industrial/Tech
278fcb2d,"Professional Profile
    Electronics & Communication (ECE) specialist with 15 years of experience in Telecommunications.
    Education: Professional Certification in Electronics & Communication (ECE).
    
    Key Skills: Problem Solving, Management
    
    Work Experience:
    Senior Engineer at Global Tech Corp.
    - Led projects involving Telecommunications and Problem Solving.
    - Optimized processes resulting in 20% efficiency gain.
    - Mentored junior staff and managed cross-functional teams.
    
    Projects:
    Implementation of Telecommunications framework for industrial scale.
    Certifications: Professional Electronics & Communication (ECE) Certification.",Electronics & Communication (ECE),Telecommunications,Professional Certification,15,"Problem Solving, Management",Industrial/Tech
ab32870d,"Professional Profile
    Electronics & Communication (ECE) specialist with 3 years of experience in Digital Signal Processing.
    Education: Diploma in Electronics & Communication (ECE).
    
    Key Skills: Problem Solving, Management
    
    Work Experience:
    Senior Engineer at Global Tech Corp.
    - Led projects involving Digital Signal Processing and Problem Solving.
    - Optimized processes resulting in 20% efficiency gain.
    - Mentored junior staff and managed cross-functional teams.
    
    Projects:
    Implementation of Digital Signal Processing framework for industrial scale.
    Certifications: Professional Electronics & Communication (ECE) Certification.",Electronics & Communication (ECE),Digital Signal Processing,Diploma,3,"Problem Solving, Management",Industrial/Tech
8a340d12,"Professional Profile
    Electronics & Communication (ECE) specialist with 15 years of experience in Telecommunications.
    Education: Bachelor's in Electronics & Communication (ECE).
    
    Key Skills: Problem Solving, Management
    
    Work Experience:
    Senior Engineer at Global Tech Corp.
    - Led projects involving Telecommunications and Problem Solving.
    - Optimized processes resulting in 20% efficiency gain.
    - Mentored junior staff and managed cross-functional teams.
    
    Projects:
    Implementation of Telecommunications framework for industrial scale.
    Certifications: Professional Electronics & Communication (ECE) Certification.",Electronics & Communication (ECE),Telecommunications,Bachelor's,15,"Problem Solving, Management",Industrial/Tech
bc354d29,"Professional Profile
    Electronics & Communication (ECE) specialist with 9 years of experience in Telecommunications.
    Education: Professional Certification in Electronics & Communication (ECE).
    
    Key Skills: Problem Solving, Management
    
    Work Experience:
    Senior Engineer at Global Tech Corp.
    - Led projects involving Telecommunications and Problem Solving.
    - Optimized processes resulting in 20% efficiency gain.
    - Mentored junior staff and managed cross-functional teams.
    
    Projects:
    Implementation of Telecommunications framework for industrial scale.
    Certifications: Professional Electronics & Communication (ECE) Certification.",Electronics & Communication (ECE),Telecommunications,Professional Certification,9,"Problem Solving, Management",Industrial/Tech
1a6f065c,"Professional Profile
    Electronics & Communication (ECE) specialist with 11 years of experience in Embedded Systems.
    Education: Master's in Electronics & Communication (ECE).
    
    Key Skills: Problem Solving, Management
    
    Work Experience:
    Senior Engineer at Global Tech Corp.
    - Led projects involving Embedded Systems and Problem Solving.
    - Optimized processes resulting in 20% efficiency gain.
    - Mentored junior staff and managed cross-functional teams.
    
    Projects:
    Implementation of Embedded Systems framework for industrial scale.
    Certifications: Professional Electronics & Communication (ECE) Certification.",Electronics & Communication (ECE),Embedded Systems,Master's,11,"Problem Solving, Management",Industrial/Tech
6c3a7a0a,"Professional Profile
    Electronics & Communication (ECE) specialist with 3 years of experience in Embedded Systems.
    Education: Master's in Electronics & Communication (ECE).
    
    Key Skills: Problem Solving, Management
    
    Work Experience:
    Senior Engineer at Global Tech Corp.
    - Led projects involving Embedded Systems and Problem Solving.
    - Optimized processes resulting in 20% efficiency gain.
    - Mentored junior staff and managed cross-functional teams.
    
    Projects:
    Implementation of Embedded Systems framework for industrial scale.
    Certifications: Professional Electronics & Communication (ECE) Certification.",Electronics & Communication (ECE),Embedded Systems,Master's,3,"Problem Solving, Management",Industrial/Tech
e8449e79,"Professional Profile
    Electronics & Communication (ECE) specialist with 15 years of experience in Embedded Systems.
    Education: Professional Certification in Electronics & Communication (ECE).
    
    Key Skills: Problem Solving, Management
    
    Work Experience:
    Senior Engineer at Global Tech Corp.
    - Led projects involving Embedded Systems and Problem Solving.
    - Optimized processes resulting in 20% efficiency gain.
    - Mentored junior staff and managed cross-functional teams.
    
    Projects:
    Implementation of Embedded Systems framework for industrial scale.
    Certifications: Professional Electronics & Communication (ECE) Certification.",Electronics & Communication (ECE),Embedded Systems,Professional Certification,15,"Problem Solving, Management",Industrial/Tech
bb2c511c,"Professional Profile
    Electronics & Communication (ECE) specialist with 6 years of experience in VLSI Design.
    Education: Master's in Electronics & Communication (ECE).
    
    Key Skills: Problem Solving, Management
    
    Work Experience:
    Senior Engineer at Global Tech Corp.
    - Led projects involving VLSI Design and Problem Solving.
    - Optimized processes resulting in 20% efficiency gain.
    - Mentored junior staff and managed cross-functional teams.
    
    Projects:
    Implementation of VLSI Design framework for industrial scale.
    Certifications: Professional Electronics & Communication (ECE) Certification.",Electronics & Communication (ECE),VLSI Design,Master's,6,"Problem Solving, Management",Industrial/Tech
be7ac5e1,"Professional Profile
    Electronics & Communication (ECE) specialist with 11 years of experience in Telecommunications.
    Education: Professional Certification in Electronics & Communication (ECE).
    
    Key Skills: Problem Solving, Management
    
    Work Experience:
    Senior Engineer at Global Tech Corp.
    - Led projects involving Telecommunications and Problem Solving.
    - Optimized processes resulting in 20% efficiency gain.
    - Mentored junior staff and managed cross-functional teams.
    
    Projects:
    Implementation of Telecommunications framework for industrial scale.
    Certifications: Professional Electronics & Communication (ECE) Certification.",Electronics & Communication (ECE),Telecommunications,Professional Certification,11,"Problem Solving, Management",Industrial/Tech
15f29a66,"Professional Profile
    Electronics & Communication (ECE) specialist with 1 years of experience in Digital Signal Processing.
    Education: Professional Certification in Electronics & Communication (ECE).
    
    Key Skills: Problem Solving, Management
    
    Work Experience:
    Senior Engineer at Global Tech Corp.
    - Led projects involving Digital Signal Processing and Problem Solving.
    - Optimized processes resulting in 20% efficiency gain.
    - Mentored junior staff and managed cross-functional teams.
    
    Projects:
    Implementation of Digital Signal Processing framework for industrial scale.
    Certifications: Professional Electronics & Communication (ECE) Certification.",Electronics & Communication (ECE),Digital Signal Processing,Professional Certification,1,"Problem Solving, Management",Industrial/Tech
9a12a7b4,"Professional Profile
    Electronics & Communication (ECE) specialist with 6 years of experience in VLSI Design.
    Education: Bachelor's in Electronics & Communication (ECE).
    
    Key Skills: Problem Solving, Management
    
    Work Experience:
    Senior Engineer at Global Tech Corp.
    - Led projects involving VLSI Design and Problem Solving.
    - Optimized processes resulting in 20% efficiency gain.
    - Mentored junior staff and managed cross-functional teams.
    
    Projects:
    Implementation of VLSI Design framework for industrial scale.
    Certifications: Professional Electronics & Communication (ECE) Certification.",Electronics & Communication (ECE),VLSI Design,Bachelor's,6,"Problem Solving, Management",Industrial/Tech
5f64fc29,"Professional Profile
    Electronics & Communication (ECE) specialist with 7 years of experience in Digital Signal Processing.
    Education: Bachelor's in Electronics & Communication (ECE).
    
    Key Skills: Problem Solving, Management
    
    Work Experience:
    Senior Engineer at Global Tech Corp.
    - Led projects involving Digital Signal Processing and Problem Solving.
    - Optimized processes resulting in 20% efficiency gain.
    - Mentored junior staff and managed cross-functional teams.
    
    Projects:
    Implementation of Digital Signal Processing framework for industrial scale.
    Certifications: Professional Electronics & Communication (ECE) Certification.",Electronics & Communication (ECE),Digital Signal Processing,Bachelor's,7,"Problem Solving, Management",Industrial/Tech
3ce47570,"Professional Profile
    Electronics & Communication (ECE) specialist with 4 years of experience in VLSI Design.
    Education: Professional Certification in Electronics & Communication (ECE).
    
    Key Skills: Problem Solving, Management
    
    Work Experience:
    Senior Engineer at Global Tech Corp.
    - Led projects involving VLSI Design and Problem Solving.
    - Optimized processes resulting in 20% efficiency gain.
    - Mentored junior staff and managed cross-functional teams.
    
    Projects:
    Implementation of VLSI Design framework for industrial scale.
    Certifications: Professional Electronics & Communication (ECE) Certification.",Electronics & Communication (ECE),VLSI Design,Professional Certification,4,"Problem Solving, Management",Industrial/Tech
ec979530,"Professional Profile
    Electronics & Communication (ECE) specialist with 10 years of experience in Digital Signal Processing.
    Education: Diploma in Electronics & Communication (ECE).
    
    Key Skills: Problem Solving, Management
    
    Work Experience:
    Senior Engineer at Global Tech Corp.
    - Led projects involving Digital Signal Processing and Problem Solving.
    - Optimized processes resulting in 20% efficiency gain.
    - Mentored junior staff and managed cross-functional teams.
    
    Projects:
    Implementation of Digital Signal Processing framework for industrial scale.
    Certifications: Professional Electronics & Communication (ECE) Certification.",Electronics & Communication (ECE),Digital Signal Processing,Diploma,10,"Problem Solving, Management",Industrial/Tech
f8405e5d,"Professional Profile
    Electronics & Communication (ECE) specialist with 1 years of experience in Digital Signal Processing.
    Education: Master's in Electronics & Communication (ECE).
    
    Key Skills: Problem Solving, Management
    
    Work Experience:
    Senior Engineer at Global Tech Corp.
    - Led projects involving Digital Signal Processing and Problem Solving.
    - Optimized processes resulting in 20% efficiency gain.
    - Mentored junior staff and managed cross-functional teams.
    
    Projects:
    Implementation of Digital Signal Processing framework for industrial scale.
    Certifications: Professional Electronics & Communication (ECE) Certification.",Electronics & Communication (ECE),Digital Signal Processing,Master's,1,"Problem Solving, Management",Industrial/Tech
253576a9,"Professional Profile
    Electronics & Communication (ECE) specialist with 15 years of experience in Telecommunications.
    Education: Diploma in Electronics & Communication (ECE).
    
    Key Skills: Problem Solving, Management
    
    Work Experience:
    Senior Engineer at Global Tech Corp.
    - Led projects involving Telecommunications and Problem Solving.
    - Optimized processes resulting in 20% efficiency gain.
    - Mentored junior staff and managed cross-functional teams.
    
    Projects:
    Implementation of Telecommunications framework for industrial scale.
    Certifications: Professional Electronics & Communication (ECE) Certification.",Electronics & Communication (ECE),Telecommunications,Diploma,15,"Problem Solving, Management",Industrial/Tech
78de2040,"Professional Profile
    Electronics & Communication (ECE) specialist with 5 years of experience in Digital Signal Processing.
    Education: Professional Certification in Electronics & Communication (ECE).
    
    Key Skills: Problem Solving, Management
    
    Work Experience:
    Senior Engineer at Global Tech Corp.
    - Led projects involving Digital Signal Processing and Problem Solving.
    - Optimized processes resulting in 20% efficiency gain.
    - Mentored junior staff and managed cross-functional teams.
    
    Projects:
    Implementation of Digital Signal Processing framework for industrial scale.
    Certifications: Professional Electronics & Communication (ECE) Certification.",Electronics & Communication (ECE),Digital Signal Processing,Professional Certification,5,"Problem Solving, Management",Industrial/Tech
e6689316,"Professional Profile
    Electronics & Communication (ECE) specialist with 9 years of experience in VLSI Design.
    Education: Diploma in Electronics & Communication (ECE).
    
    Key Skills: Problem Solving, Management
    
    Work Experience:
    Senior Engineer at Global Tech Corp.
    - Led projects involving VLSI Design and Problem Solving.
    - Optimized processes resulting in 20% efficiency gain.
    - Mentored junior staff and managed cross-functional teams.
    
    Projects:
    Implementation of VLSI Design framework for industrial scale.
    Certifications: Professional Electronics & Communication (ECE) Certification.",Electronics & Communication (ECE),VLSI Design,Diploma,9,"Problem Solving, Management",Industrial/Tech
a112af46,"Professional Profile
    Electronics & Communication (ECE) specialist with 14 years of experience in VLSI Design.
    Education: Diploma in Electronics & Communication (ECE).
    
    Key Skills: Problem Solving, Management
    
    Work Experience:
    Senior Engineer at Global Tech Corp.
    - Led projects involving VLSI Design and Problem Solving.
    - Optimized processes resulting in 20% efficiency gain.
    - Mentored junior staff and managed cross-functional teams.
    
    Projects:
    Implementation of VLSI Design framework for industrial scale.
    Certifications: Professional Electronics & Communication (ECE) Certification.",Electronics & Communication (ECE),VLSI Design,Diploma,14,"Problem Solving, Management",Industrial/Tech
4c52aff8,"Professional Profile
    Electrical & Electronics (EEE) specialist with 7 years of experience in Electrical Machines.
    Education: Diploma in Electrical & Electronics (EEE).
    
    Key Skills: Problem Solving, Management
    
    Work Experience:
    Senior Engineer at Global Tech Corp.
    - Led projects involving Electrical Machines and Problem Solving.
    - Optimized processes resulting in 20% efficiency gain.
    - Mentored junior staff and managed cross-functional teams.
    
    Projects:
    Implementation of Electrical Machines framework for industrial scale.
    Certifications: Professional Electrical & Electronics (EEE) Certification.",Electrical & Electronics (EEE),Electrical Machines,Diploma,7,"Problem Solving, Management",Industrial/Tech
8102f433,"Professional Profile
    Electrical & Electronics (EEE) specialist with 14 years of experience in Electrical Machines.
    Education: Professional Certification in Electrical & Electronics (EEE).
    
    Key Skills: Problem Solving, Management
    
    Work Experience:
    Senior Engineer at Global Tech Corp.
    - Led projects involving Electrical Machines and Problem Solving.
    - Optimized processes resulting in 20% efficiency gain.
    - Mentored junior staff and managed cross-functional teams.
    
    Projects:
    Implementation of Electrical Machines framework for industrial scale.
    Certifications: Professional Electrical & Electronics (EEE) Certification.",Electrical & Electronics (EEE),Electrical Machines,Professional Certification,14,"Problem Solving, Management",Industrial/Tech
9cce1755,"Professional Profile
    Electrical & Electronics (EEE) specialist with 15 years of experience in Power Systems.
    Education: Master's in Electrical & Electronics (EEE).
    
    Key Skills: Problem Solving, Management
    
    Work Experience:
    Senior Engineer at Global Tech Corp.
    - Led projects involving Power Systems and Problem Solving.
    - Optimized processes resulting in 20% efficiency gain.
    - Mentored junior staff and managed cross-functional teams.
    
    Projects:
    Implementation of Power Systems framework for industrial scale.
    Certifications: Professional Electrical & Electronics (EEE) Certification.",Electrical & Electronics (EEE),Power Systems,Master's,15,"Problem Solving, Management",Industrial/Tech
319d395e,"Professional Profile
    Electrical & Electronics (EEE) specialist with 15 years of experience in Control Systems.
    Education: Diploma in Electrical & Electronics (EEE).
    
    Key Skills: Problem Solving, Management
    
    Work Experience:
    Senior Engineer at Global Tech Corp.
    - Led projects involving Control Systems and Problem Solving.
    - Optimized processes resulting in 20% efficiency gain.
    - Mentored junior staff and managed cross-functional teams.
    
    Projects:
    Implementation of Control Systems framework for industrial scale.
    Certifications: Professional Electrical & Electronics (EEE) Certification.",Electrical & Electronics (EEE),Control Systems,Diploma,15,"Problem Solving, Management",Industrial/Tech
3cde7fa3,"Professional Profile
    Electrical & Electronics (EEE) specialist with 9 years of experience in Control Systems.
    Education: Professional Certification in Electrical & Electronics (EEE).
    
    Key Skills: Problem Solving, Management
    
    Work Experience:
    Senior Engineer at Global Tech Corp.
    - Led projects involving Control Systems and Problem Solving.
    - Optimized processes resulting in 20% efficiency gain.
    - Mentored junior staff and managed cross-functional teams.
    
    Projects:
    Implementation of Control Systems framework for industrial scale.
    Certifications: Professional Electrical & Electronics (EEE) Certification.",Electrical & Electronics (EEE),Control Systems,Professional Certification,9,"Problem Solving, Management",Industrial/Tech
3f8e6f44,"Professional Profile
    Electrical & Electronics (EEE) specialist with 7 years of experience in Control Systems.
    Education: Bachelor's in Electrical & Electronics (EEE).
    
    Key Skills: Problem Solving, Management
    
    Work Experience:
    Senior Engineer at Global Tech Corp.
    - Led projects involving Control Systems and Problem Solving.
    - Optimized processes resulting in 20% efficiency gain.
    - Mentored junior staff and managed cross-functional teams.
    
    Projects:
    Implementation of Control Systems framework for industrial scale.
    Certifications: Professional Electrical & Electronics (EEE) Certification.",Electrical & Electronics (EEE),Control Systems,Bachelor's,7,"Problem Solving, Management",Industrial/Tech
bfea40ad,"Professional Profile
    Electrical & Electronics (EEE) specialist with 3 years of experience in Electrical Machines.
    Education: Bachelor's in Electrical & Electronics (EEE).
    
    Key Skills: Problem Solving, Management
    
    Work Experience:
    Senior Engineer at Global Tech Corp.
    - Led projects involving Electrical Machines and Problem Solving.
    - Optimized processes resulting in 20% efficiency gain.
    - Mentored junior staff and managed cross-functional teams.
    
    Projects:
    Implementation of Electrical Machines framework for industrial scale.
    Certifications: Professional Electrical & Electronics (EEE) Certification.",Electrical & Electronics (EEE),Electrical Machines,Bachelor's,3,"Problem Solving, Management",Industrial/Tech
b8a9bdb1,"Professional Profile
    Electrical & Electronics (EEE) specialist with 9 years of experience in Renewable Energy.
    Education: Bachelor's in Electrical & Electronics (EEE).
    
    Key Skills: Problem Solving, Management
    
    Work Experience:
    Senior Engineer at Global Tech Corp.
    - Led projects involving Renewable Energy and Problem Solving.
    - Optimized processes resulting in 20% efficiency gain.
    - Mentored junior staff and managed cross-functional teams.
    
    Projects:
    Implementation of Renewable Energy framework for industrial scale.
    Certifications: Professional Electrical & Electronics (EEE) Certification.",Electrical & Electronics (EEE),Renewable Energy,Bachelor's,9,"Problem Solving, Management",Industrial/Tech
491f67ee,"Professional Profile
    Electrical & Electronics (EEE) specialist with 15 years of experience in Control Systems.
    Education: Diploma in Electrical & Electronics (EEE).
    
    Key Skills: Problem Solving, Management
    
    Work Experience:
    Senior Engineer at Global Tech Corp.
    - Led projects involving Control Systems and Problem Solving.
    - Optimized processes resulting in 20% efficiency gain.
    - Mentored junior staff and managed cross-functional teams.
    
    Projects:
    Implementation of Control Systems framework for industrial scale.
    Certifications: Professional Electrical & Electronics (EEE) Certification.",Electrical & Electronics (EEE),Control Systems,Diploma,15,"Problem Solving, Management",Industrial/Tech
5b2f70f3,"Professional Profile
    Electrical & Electronics (EEE) specialist with 12 years of experience in Renewable Energy.
    Education: Diploma in Electrical & Electronics (EEE).
    
    Key Skills: Problem Solving, Management
    
    Work Experience:
    Senior Engineer at Global Tech Corp.
    - Led projects involving Renewable Energy and Problem Solving.
    - Optimized processes resulting in 20% efficiency gain.
    - Mentored junior staff and managed cross-functional teams.
    
    Projects:
    Implementation of Renewable Energy framework for industrial scale.
    Certifications: Professional Electrical & Electronics (EEE) Certification.",Electrical & Electronics (EEE),Renewable Energy,Diploma,12,"Problem Solving, Management",Industrial/Tech
e00b2171,"Professional Profile
    Electrical & Electronics (EEE) specialist with 7 years of experience in Power Systems.
    Education: Master's in Electrical & Electronics (EEE).
    
    Key Skills: Problem Solving, Management
    
    Work Experience:
    Senior Engineer at Global Tech Corp.
    - Led projects involving Power Systems and Problem Solving.
    - Optimized processes resulting in 20% efficiency gain.
    - Mentored junior staff and managed cross-functional teams.
    
    Projects:
    Implementation of Power Systems framework for industrial scale.
    Certifications: Professional Electrical & Electronics (EEE) Certification.",Electrical & Electronics (EEE),Power Systems,Master's,7,"Problem Solving, Management",Industrial/Tech
acdf1f75,"Professional Profile
    Electrical & Electronics (EEE) specialist with 2 years of experience in Electrical Machines.
    Education: Bachelor's in Electrical & Electronics (EEE).
    
    Key Skills: Problem Solving, Management
    
    Work Experience:
    Senior Engineer at Global Tech Corp.
    - Led projects involving Electrical Machines and Problem Solving.
    - Optimized processes resulting in 20% efficiency gain.
    - Mentored junior staff and managed cross-functional teams.
    
    Projects:
    Implementation of Electrical Machines framework for industrial scale.
    Certifications: Professional Electrical & Electronics (EEE) Certification.",Electrical & Electronics (EEE),Electrical Machines,Bachelor's,2,"Problem Solving, Management",Industrial/Tech
5d8110d9,"Professional Profile
    Electrical & Electronics (EEE) specialist with 3 years of experience in Control Systems.
    Education: Professional Certification in Electrical & Electronics (EEE).
    
    Key Skills: Problem Solving, Management
    
    Work Experience:
    Senior Engineer at Global Tech Corp.
    - Led projects involving Control Systems and Problem Solving.
    - Optimized processes resulting in 20% efficiency gain.
    - Mentored junior staff and managed cross-functional teams.
    
    Projects:
    Implementation of Control Systems framework for industrial scale.
    Certifications: Professional Electrical & Electronics (EEE) Certification.",Electrical & Electronics (EEE),Control Systems,Professional Certification,3,"Problem Solving, Management",Industrial/Tech
805bc472,"Professional Profile
    Electrical & Electronics (EEE) specialist with 15 years of experience in Control Systems.
    Education: Master's in Electrical & Electronics (EEE).
    
    Key Skills: Problem Solving, Management
    
    Work Experience:
    Senior Engineer at Global Tech Corp.
    - Led projects involving Control Systems and Problem Solving.
    - Optimized processes resulting in 20% efficiency gain.
    - Mentored junior staff and managed cross-functional teams.
    
    Projects:
    Implementation of Control Systems framework for industrial scale.
    Certifications: Professional Electrical & Electronics (EEE) Certification.",Electrical & Electronics (EEE),Control Systems,Master's,15,"Problem Solving, Management",Industrial/Tech
3159c451,"Professional Profile
    Electrical & Electronics (EEE) specialist with 12 years of experience in Renewable Energy.
    Education: Bachelor's in Electrical & Electronics (EEE).
    
    Key Skills: Problem Solving, Management
    
    Work Experience:
    Senior Engineer at Global Tech Corp.
    - Led projects involving Renewable Energy and Problem Solving.
    - Optimized processes resulting in 20% efficiency gain.
    - Mentored junior staff and managed cross-functional teams.
    
    Projects:
    Implementation of Renewable Energy framework for industrial scale.
    Certifications: Professional Electrical & Electronics (EEE) Certification.",Electrical & Electronics (EEE),Renewable Energy,Bachelor's,12,"Problem Solving, Management",Industrial/Tech
1ba2b66a,"Professional Profile
    Electrical & Electronics (EEE) specialist with 6 years of experience in Renewable Energy.
    Education: Professional Certification in Electrical & Electronics (EEE).
    
    Key Skills: Problem Solving, Management
    
    Work Experience:
    Senior Engineer at Global Tech Corp.
    - Led projects involving Renewable Energy and Problem Solving.
    - Optimized processes resulting in 20% efficiency gain.
    - Mentored junior staff and managed cross-functional teams.
    
    Projects:
    Implementation of Renewable Energy framework for industrial scale.
    Certifications: Professional Electrical & Electronics (EEE) Certification.",Electrical & Electronics (EEE),Renewable Energy,Professional Certification,6,"Problem Solving, Management",Industrial/Tech
3929e131,"Professional Profile
    Electrical & Electronics (EEE) specialist with 2 years of experience in Control Systems.
    Education: Master's in Electrical & Electronics (EEE).
    
    Key Skills: Problem Solving, Management
    
    Work Experience:
    Senior Engineer at Global Tech Corp.
    - Led projects involving Control Systems and Problem Solving.
    - Optimized processes resulting in 20% efficiency gain.
    - Mentored junior staff and managed cross-functional teams.
    
    Projects:
    Implementation of Control Systems framework for industrial scale.
    Certifications: Professional Electrical & Electronics (EEE) Certification.",Electrical & Electronics (EEE),Control Systems,Master's,2,"Problem Solving, Management",Industrial/Tech
63008222,"Professional Profile
    Electrical & Electronics (EEE) specialist with 15 years of experience in Electrical Machines.
    Education: Professional Certification in Electrical & Electronics (EEE).
    
    Key Skills: Problem Solving, Management
    
    Work Experience:
    Senior Engineer at Global Tech Corp.
    - Led projects involving Electrical Machines and Problem Solving.
    - Optimized processes resulting in 20% efficiency gain.
    - Mentored junior staff and managed cross-functional teams.
    
    Projects:
    Implementation of Electrical Machines framework for industrial scale.
    Certifications: Professional Electrical & Electronics (EEE) Certification.",Electrical & Electronics (EEE),Electrical Machines,Professional Certification,15,"Problem Solving, Management",Industrial/Tech
f6c71b7e,"Professional Profile
    Electrical & Electronics (EEE) specialist with 2 years of experience in Power Systems.
    Education: Master's in Electrical & Electronics (EEE).
    
    Key Skills: Problem Solving, Management
    
    Work Experience:
    Senior Engineer at Global Tech Corp.
    - Led projects involving Power Systems and Problem Solving.
    - Optimized processes resulting in 20% efficiency gain.
    - Mentored junior staff and managed cross-functional teams.
    
    Projects:
    Implementation of Power Systems framework for industrial scale.
    Certifications: Professional Electrical & Electronics (EEE) Certification.",Electrical & Electronics (EEE),Power Systems,Master's,2,"Problem Solving, Management",Industrial/Tech
e06ce633,"Professional Profile
    Electrical & Electronics (EEE) specialist with 5 years of experience in Electrical Machines.
    Education: Master's in Electrical & Electronics (EEE).
    
    Key Skills: Problem Solving, Management
    
    Work Experience:
    Senior Engineer at Global Tech Corp.
    - Led projects involving Electrical Machines and Problem Solving.
    - Optimized processes resulting in 20% efficiency gain.
    - Mentored junior staff and managed cross-functional teams.
    
    Projects:
    Implementation of Electrical Machines framework for industrial scale.
    Certifications: Professional Electrical & Electronics (EEE) Certification.",Electrical & Electronics (EEE),Electrical Machines,Master's,5,"Problem Solving, Management",Industrial/Tech
7451414d,"Professional Profile
    Electrical & Electronics (EEE) specialist with 11 years of experience in Power Systems.
    Education: Professional Certification in Electrical & Electronics (EEE).
    
    Key Skills: Problem Solving, Management
    
    Work Experience:
    Senior Engineer at Global Tech Corp.
    - Led projects involving Power Systems and Problem Solving.
    - Optimized processes resulting in 20% efficiency gain.
    - Mentored junior staff and managed cross-functional teams.
    
    Projects:
    Implementation of Power Systems framework for industrial scale.
    Certifications: Professional Electrical & Electronics (EEE) Certification.",Electrical & Electronics (EEE),Power Systems,Professional Certification,11,"Problem Solving, Management",Industrial/Tech
6a00ddbf,"Professional Profile
    Electrical & Electronics (EEE) specialist with 7 years of experience in Electrical Machines.
    Education: Master's in Electrical & Electronics (EEE).
    
    Key Skills: Problem Solving, Management
    
    Work Experience:
    Senior Engineer at Global Tech Corp.
    - Led projects involving Electrical Machines and Problem Solving.
    - Optimized processes resulting in 20% efficiency gain.
    - Mentored junior staff and managed cross-functional teams.
    
    Projects:
    Implementation of Electrical Machines framework for industrial scale.
    Certifications: Professional Electrical & Electronics (EEE) Certification.",Electrical & Electronics (EEE),Electrical Machines,Master's,7,"Problem Solving, Management",Industrial/Tech
701b469d,"Professional Profile
    Electrical & Electronics (EEE) specialist with 6 years of experience in Renewable Energy.
    Education: Professional Certification in Electrical & Electronics (EEE).
    
    Key Skills: Problem Solving, Management
    
    Work Experience:
    Senior Engineer at Global Tech Corp.
    - Led projects involving Renewable Energy and Problem Solving.
    - Optimized processes resulting in 20% efficiency gain.
    - Mentored junior staff and managed cross-functional teams.
    
    Projects:
    Implementation of Renewable Energy framework for industrial scale.
    Certifications: Professional Electrical & Electronics (EEE) Certification.",Electrical & Electronics (EEE),Renewable Energy,Professional Certification,6,"Problem Solving, Management",Industrial/Tech
8e27345f,"Professional Profile
    Electrical & Electronics (EEE) specialist with 13 years of experience in Electrical Machines.
    Education: Master's in Electrical & Electronics (EEE).
    
    Key Skills: Problem Solving, Management
    
    Work Experience:
    Senior Engineer at Global Tech Corp.
    - Led projects involving Electrical Machines and Problem Solving.
    - Optimized processes resulting in 20% efficiency gain.
    - Mentored junior staff and managed cross-functional teams.
    
    Projects:
    Implementation of Electrical Machines framework for industrial scale.
    Certifications: Professional Electrical & Electronics (EEE) Certification.",Electrical & Electronics (EEE),Electrical Machines,Master's,13,"Problem Solving, Management",Industrial/Tech
d6d1812d,"Professional Profile
    Electrical & Electronics (EEE) specialist with 12 years of experience in Electrical Machines.
    Education: Professional Certification in Electrical & Electronics (EEE).
    
    Key Skills: Problem Solving, Management
    
    Work Experience:
    Senior Engineer at Global Tech Corp.
    - Led projects involving Electrical Machines and Problem Solving.
    - Optimized processes resulting in 20% efficiency gain.
    - Mentored junior staff and managed cross-functional teams.
    
    Projects:
    Implementation of Electrical Machines framework for industrial scale.
    Certifications: Professional Electrical & Electronics (EEE) Certification.",Electrical & Electronics (EEE),Electrical Machines,Professional Certification,12,"Problem Solving, Management",Industrial/Tech
1d1dca64,"Professional Profile
    Electrical & Electronics (EEE) specialist with 1 years of experience in Electrical Machines.
    Education: Professional Certification in Electrical & Electronics (EEE).
    
    Key Skills: Problem Solving, Management
    
    Work Experience:
    Senior Engineer at Global Tech Corp.
    - Led projects involving Electrical Machines and Problem Solving.
    - Optimized processes resulting in 20% efficiency gain.
    - Mentored junior staff and managed cross-functional teams.
    
    Projects:
    Implementation of Electrical Machines framework for industrial scale.
    Certifications: Professional Electrical & Electronics (EEE) Certification.",Electrical & Electronics (EEE),Electrical Machines,Professional Certification,1,"Problem Solving, Management",Industrial/Tech
9f699405,"Professional Profile
    Electrical & Electronics (EEE) specialist with 9 years of experience in Electrical Machines.
    Education: Diploma in Electrical & Electronics (EEE).
    
    Key Skills: Problem Solving, Management
    
    Work Experience:
    Senior Engineer at Global Tech Corp.
    - Led projects involving Electrical Machines and Problem Solving.
    - Optimized processes resulting in 20% efficiency gain.
    - Mentored junior staff and managed cross-functional teams.
    
    Projects:
    Implementation of Electrical Machines framework for industrial scale.
    Certifications: Professional Electrical & Electronics (EEE) Certification.",Electrical & Electronics (EEE),Electrical Machines,Diploma,9,"Problem Solving, Management",Industrial/Tech
ef33be11,"Professional Profile
    Electrical & Electronics (EEE) specialist with 11 years of experience in Control Systems.
    Education: Professional Certification in Electrical & Electronics (EEE).
    
    Key Skills: Problem Solving, Management
    
    Work Experience:
    Senior Engineer at Global Tech Corp.
    - Led projects involving Control Systems and Problem Solving.
    - Optimized processes resulting in 20% efficiency gain.
    - Mentored junior staff and managed cross-functional teams.
    
    Projects:
    Implementation of Control Systems framework for industrial scale.
    Certifications: Professional Electrical & Electronics (EEE) Certification.",Electrical & Electronics (EEE),Control Systems,Professional Certification,11,"Problem Solving, Management",Industrial/Tech
5e77bf18,"Professional Profile
    Electrical & Electronics (EEE) specialist with 6 years of experience in Control Systems.
    Education: Diploma in Electrical & Electronics (EEE).
    
    Key Skills: Problem Solving, Management
    
    Work Experience:
    Senior Engineer at Global Tech Corp.
    - Led projects involving Control Systems and Problem Solving.
    - Optimized processes resulting in 20% efficiency gain.
    - Mentored junior staff and managed cross-functional teams.
    
    Projects:
    Implementation of Control Systems framework for industrial scale.
    Certifications: Professional Electrical & Electronics (EEE) Certification.",Electrical & Electronics (EEE),Control Systems,Diploma,6,"Problem Solving, Management",Industrial/Tech
a5909ae0,"Professional Profile
    Electrical & Electronics (EEE) specialist with 9 years of experience in Power Systems.
    Education: Professional Certification in Electrical & Electronics (EEE).
    
    Key Skills: Problem Solving, Management
    
    Work Experience:
    Senior Engineer at Global Tech Corp.
    - Led projects involving Power Systems and Problem Solving.
    - Optimized processes resulting in 20% efficiency gain.
    - Mentored junior staff and managed cross-functional teams.
    
    Projects:
    Implementation of Power Systems framework for industrial scale.
    Certifications: Professional Electrical & Electronics (EEE) Certification.",Electrical & Electronics (EEE),Power Systems,Professional Certification,9,"Problem Solving, Management",Industrial/Tech
dd564b52,"Professional Profile
    Electrical & Electronics (EEE) specialist with 5 years of experience in Electrical Machines.
    Education: Professional Certification in Electrical & Electronics (EEE).
    
    Key Skills: Problem Solving, Management
    
    Work Experience:
    Senior Engineer at Global Tech Corp.
    - Led projects involving Electrical Machines and Problem Solving.
    - Optimized processes resulting in 20% efficiency gain.
    - Mentored junior staff and managed cross-functional teams.
    
    Projects:
    Implementation of Electrical Machines framework for industrial scale.
    Certifications: Professional Electrical & Electronics (EEE) Certification.",Electrical & Electronics (EEE),Electrical Machines,Professional Certification,5,"Problem Solving, Management",Industrial/Tech
d858885a,"Professional Profile
    Electrical & Electronics (EEE) specialist with 9 years of experience in Electrical Machines.
    Education: Diploma in Electrical & Electronics (EEE).
    
    Key Skills: Problem Solving, Management
    
    Work Experience:
    Senior Engineer at Global Tech Corp.
    - Led projects involving Electrical Machines and Problem Solving.
    - Optimized processes resulting in 20% efficiency gain.
    - Mentored junior staff and managed cross-functional teams.
    
    Projects:
    Implementation of Electrical Machines framework for industrial scale.
    Certifications: Professional Electrical & Electronics (EEE) Certification.",Electrical & Electronics (EEE),Electrical Machines,Diploma,9,"Problem Solving, Management",Industrial/Tech
26e87727,"Professional Profile
    Electrical & Electronics (EEE) specialist with 2 years of experience in Renewable Energy.
    Education: Master's in Electrical & Electronics (EEE).
    
    Key Skills: Problem Solving, Management
    
    Work Experience:
    Senior Engineer at Global Tech Corp.
    - Led projects involving Renewable Energy and Problem Solving.
    - Optimized processes resulting in 20% efficiency gain.
    - Mentored junior staff and managed cross-functional teams.
    
    Projects:
    Implementation of Renewable Energy framework for industrial scale.
    Certifications: Professional Electrical & Electronics (EEE) Certification.",Electrical & Electronics (EEE),Renewable Energy,Master's,2,"Problem Solving, Management",Industrial/Tech
a0e83d66,"Professional Profile
    Electrical & Electronics (EEE) specialist with 11 years of experience in Control Systems.
    Education: Professional Certification in Electrical & Electronics (EEE).
    
    Key Skills: Problem Solving, Management
    
    Work Experience:
    Senior Engineer at Global Tech Corp.
    - Led projects involving Control Systems and Problem Solving.
    - Optimized processes resulting in 20% efficiency gain.
    - Mentored junior staff and managed cross-functional teams.
    
    Projects:
    Implementation of Control Systems framework for industrial scale.
    Certifications: Professional Electrical & Electronics (EEE) Certification.",Electrical & Electronics (EEE),Control Systems,Professional Certification,11,"Problem Solving, Management",Industrial/Tech
657d9e2a,"Professional Profile
    Electrical & Electronics (EEE) specialist with 7 years of experience in Control Systems.
    Education: Professional Certification in Electrical & Electronics (EEE).
    
    Key Skills: Problem Solving, Management
    
    Work Experience:
    Senior Engineer at Global Tech Corp.
    - Led projects involving Control Systems and Problem Solving.
    - Optimized processes resulting in 20% efficiency gain.
    - Mentored junior staff and managed cross-functional teams.
    
    Projects:
    Implementation of Control Systems framework for industrial scale.
    Certifications: Professional Electrical & Electronics (EEE) Certification.",Electrical & Electronics (EEE),Control Systems,Professional Certification,7,"Problem Solving, Management",Industrial/Tech
f7cc98e8,"Professional Profile
    Electrical & Electronics (EEE) specialist with 5 years of experience in Electrical Machines.
    Education: Bachelor's in Electrical & Electronics (EEE).
    
    Key Skills: Problem Solving, Management
    
    Work Experience:
    Senior Engineer at Global Tech Corp.
    - Led projects involving Electrical Machines and Problem Solving.
    - Optimized processes resulting in 20% efficiency gain.
    - Mentored junior staff and managed cross-functional teams.
    
    Projects:
    Implementation of Electrical Machines framework for industrial scale.
    Certifications: Professional Electrical & Electronics (EEE) Certification.",Electrical & Electronics (EEE),Electrical Machines,Bachelor's,5,"Problem Solving, Management",Industrial/Tech
a4edf455,"Professional Profile
    Electrical & Electronics (EEE) specialist with 8 years of experience in Power Systems.
    Education: Bachelor's in Electrical & Electronics (EEE).
    
    Key Skills: Problem Solving, Management
    
    Work Experience:
    Senior Engineer at Global Tech Corp.
    - Led projects involving Power Systems and Problem Solving.
    - Optimized processes resulting in 20% efficiency gain.
    - Mentored junior staff and managed cross-functional teams.
    
    Projects:
    Implementation of Power Systems framework for industrial scale.
    Certifications: Professional Electrical & Electronics (EEE) Certification.",Electrical & Electronics (EEE),Power Systems,Bachelor's,8,"Problem Solving, Management",Industrial/Tech
1e5eb03a,"Professional Profile
    Electrical & Electronics (EEE) specialist with 13 years of experience in Renewable Energy.
    Education: Professional Certification in Electrical & Electronics (EEE).
    
    Key Skills: Problem Solving, Management
    
    Work Experience:
    Senior Engineer at Global Tech Corp.
    - Led projects involving Renewable Energy and Problem Solving.
    - Optimized processes resulting in 20% efficiency gain.
    - Mentored junior staff and managed cross-functional teams.
    
    Projects:
    Implementation of Renewable Energy framework for industrial scale.
    Certifications: Professional Electrical & Electronics (EEE) Certification.",Electrical & Electronics (EEE),Renewable Energy,Professional Certification,13,"Problem Solving, Management",Industrial/Tech
de5cdd7b,"Professional Profile
    Electrical & Electronics (EEE) specialist with 7 years of experience in Control Systems.
    Education: Master's in Electrical & Electronics (EEE).
    
    Key Skills: Problem Solving, Management
    
    Work Experience:
    Senior Engineer at Global Tech Corp.
    - Led projects involving Control Systems and Problem Solving.
    - Optimized processes resulting in 20% efficiency gain.
    - Mentored junior staff and managed cross-functional teams.
    
    Projects:
    Implementation of Control Systems framework for industrial scale.
    Certifications: Professional Electrical & Electronics (EEE) Certification.",Electrical & Electronics (EEE),Control Systems,Master's,7,"Problem Solving, Management",Industrial/Tech
608960a8,"Professional Profile
    Electrical & Electronics (EEE) specialist with 1 years of experience in Power Systems.
    Education: Diploma in Electrical & Electronics (EEE).
    
    Key Skills: Problem Solving, Management
    
    Work Experience:
    Senior Engineer at Global Tech Corp.
    - Led projects involving Power Systems and Problem Solving.
    - Optimized processes resulting in 20% efficiency gain.
    - Mentored junior staff and managed cross-functional teams.
    
    Projects:
    Implementation of Power Systems framework for industrial scale.
    Certifications: Professional Electrical & Electronics (EEE) Certification.",Electrical & Electronics (EEE),Power Systems,Diploma,1,"Problem Solving, Management",Industrial/Tech
e1a9592a,"Professional Profile
    Mechanical Engineering specialist with 3 years of experience in Automotive Design.
    Education: Diploma in Mechanical Engineering.
    
    Key Skills: AutoCAD, SolidWorks, Thermodynamics, FEA, Machine Design, CATIA
    
    Work Experience:
    Senior Engineer at Global Tech Corp.
    - Led projects involving Automotive Design and AutoCAD.
    - Optimized processes resulting in 20% efficiency gain.
    - Mentored junior staff and managed cross-functional teams.
    
    Projects:
    Implementation of Automotive Design framework for industrial scale.
    Certifications: Professional Mechanical Engineering Certification.",Mechanical Engineering,Automotive Design,Diploma,3,"AutoCAD, SolidWorks, Thermodynamics, FEA, Machine Design, CATIA",Industrial/Tech
8c5b3f10,"Professional Profile
    Mechanical Engineering specialist with 14 years of experience in Manufacturing.
    Education: Bachelor's in Mechanical Engineering.
    
    Key Skills: AutoCAD, SolidWorks, Thermodynamics, FEA, Machine Design, CATIA
    
    Work Experience:
    Senior Engineer at Global Tech Corp.
    - Led projects involving Manufacturing and AutoCAD.
    - Optimized processes resulting in 20% efficiency gain.
    - Mentored junior staff and managed cross-functional teams.
    
    Projects:
    Implementation of Manufacturing framework for industrial scale.
    Certifications: Professional Mechanical Engineering Certification.",Mechanical Engineering,Manufacturing,Bachelor's,14,"AutoCAD, SolidWorks, Thermodynamics, FEA, Machine Design, CATIA",Industrial/Tech
1b608f6f,"Professional Profile
    Mechanical Engineering specialist with 15 years of experience in Thermodynamics.
    Education: Master's in Mechanical Engineering.
    
    Key Skills: AutoCAD, SolidWorks, Thermodynamics, FEA, Machine Design, CATIA
    
    Work Experience:
    Senior Engineer at Global Tech Corp.
    - Led projects involving Thermodynamics and AutoCAD.
    - Optimized processes resulting in 20% efficiency gain.
    - Mentored junior staff and managed cross-functional teams.
    
    Projects:
    Implementation of Thermodynamics framework for industrial scale.
    Certifications: Professional Mechanical Engineering Certification.",Mechanical Engineering,Thermodynamics,Master's,15,"AutoCAD, SolidWorks, Thermodynamics, FEA, Machine Design, CATIA",Industrial/Tech
57b491a7,"Professional Profile
    Mechanical Engineering specialist with 14 years of experience in Manufacturing.
    Education: Bachelor's in Mechanical Engineering.
    
    Key Skills: AutoCAD, SolidWorks, Thermodynamics, FEA, Machine Design, CATIA
    
    Work Experience:
    Senior Engineer at Global Tech Corp.
    - Led projects involving Manufacturing and AutoCAD.
    - Optimized processes resulting in 20% efficiency gain.
    - Mentored junior staff and managed cross-functional teams.
    
    Projects:
    Implementation of Manufacturing framework for industrial scale.
    Certifications: Professional Mechanical Engineering Certification.",Mechanical Engineering,Manufacturing,Bachelor's,14,"AutoCAD, SolidWorks, Thermodynamics, FEA, Machine Design, CATIA",Industrial/Tech
b1a051f2,"Professional Profile
    Mechanical Engineering specialist with 11 years of experience in Automotive Design.
    Education: Diploma in Mechanical Engineering.
    
    Key Skills: AutoCAD, SolidWorks, Thermodynamics, FEA, Machine Design, CATIA
    
    Work Experience:
    Senior Engineer at Global Tech Corp.
    - Led projects involving Automotive Design and AutoCAD.
    - Optimized processes resulting in 20% efficiency gain.
    - Mentored junior staff and managed cross-functional teams.
    
    Projects:
    Implementation of Automotive Design framework for industrial scale.
    Certifications: Professional Mechanical Engineering Certification.",Mechanical Engineering,Automotive Design,Diploma,11,"AutoCAD, SolidWorks, Thermodynamics, FEA, Machine Design, CATIA",Industrial/Tech
c234a5db,"Professional Profile
    Mechanical Engineering specialist with 10 years of experience in HVAC.
    Education: Professional Certification in Mechanical Engineering.
    
    Key Skills: AutoCAD, SolidWorks, Thermodynamics, FEA, Machine Design, CATIA
    
    Work Experience:
    Senior Engineer at Global Tech Corp.
    - Led projects involving HVAC and AutoCAD.
    - Optimized processes resulting in 20% efficiency gain.
    - Mentored junior staff and managed cross-functional teams.
    
    Projects:
    Implementation of HVAC framework for industrial scale.
    Certifications: Professional Mechanical Engineering Certification.",Mechanical Engineering,HVAC,Professional Certification,10,"AutoCAD, SolidWorks, Thermodynamics, FEA, Machine Design, CATIA",Industrial/Tech
94041990,"Professional Profile
    Mechanical Engineering specialist with 10 years of experience in Thermodynamics.
    Education: Bachelor's in Mechanical Engineering.
    
    Key Skills: AutoCAD, SolidWorks, Thermodynamics, FEA, Machine Design, CATIA
    
    Work Experience:
    Senior Engineer at Global Tech Corp.
    - Led projects involving Thermodynamics and AutoCAD.
    - Optimized processes resulting in 20% efficiency gain.
    - Mentored junior staff and managed cross-functional teams.
    
    Projects:
    Implementation of Thermodynamics framework for industrial scale.
    Certifications: Professional Mechanical Engineering Certification.",Mechanical Engineering,Thermodynamics,Bachelor's,10,"AutoCAD, SolidWorks, Thermodynamics, FEA, Machine Design, CATIA",Industrial/Tech
1c128da6,"Professional Profile
    Mechanical Engineering specialist with 9 years of experience in Thermodynamics.
    Education: Professional Certification in Mechanical Engineering.
    
    Key Skills: AutoCAD, SolidWorks, Thermodynamics, FEA, Machine Design, CATIA
    
    Work Experience:
    Senior Engineer at Global Tech Corp.
    - Led projects involving Thermodynamics and AutoCAD.
    - Optimized processes resulting in 20% efficiency gain.
    - Mentored junior staff and managed cross-functional teams.
    
    Projects:
    Implementation of Thermodynamics framework for industrial scale.
    Certifications: Professional Mechanical Engineering Certification.",Mechanical Engineering,Thermodynamics,Professional Certification,9,"AutoCAD, SolidWorks, Thermodynamics, FEA, Machine Design, CATIA",Industrial/Tech
50f61c38,"Professional Profile
    Mechanical Engineering specialist with 3 years of experience in Automotive Design.
    Education: Professional Certification in Mechanical Engineering.
    
    Key Skills: AutoCAD, SolidWorks, Thermodynamics, FEA, Machine Design, CATIA
    
    Work Experience:
    Senior Engineer at Global Tech Corp.
    - Led projects involving Automotive Design and AutoCAD.
    - Optimized processes resulting in 20% efficiency gain.
    - Mentored junior staff and managed cross-functional teams.
    
    Projects:
    Implementation of Automotive Design framework for industrial scale.
    Certifications: Professional Mechanical Engineering Certification.",Mechanical Engineering,Automotive Design,Professional Certification,3,"AutoCAD, SolidWorks, Thermodynamics, FEA, Machine Design, CATIA",Industrial/Tech
98830dc0,"Professional Profile
    Mechanical Engineering specialist with 10 years of experience in Manufacturing.
    Education: Bachelor's in Mechanical Engineering.
    
    Key Skills: AutoCAD, SolidWorks, Thermodynamics, FEA, Machine Design, CATIA
    
    Work Experience:
    Senior Engineer at Global Tech Corp.
    - Led projects involving Manufacturing and AutoCAD.
    - Optimized processes resulting in 20% efficiency gain.
    - Mentored junior staff and managed cross-functional teams.
    
    Projects:
    Implementation of Manufacturing framework for industrial scale.
    Certifications: Professional Mechanical Engineering Certification.",Mechanical Engineering,Manufacturing,Bachelor's,10,"AutoCAD, SolidWorks, Thermodynamics, FEA, Machine Design, CATIA",Industrial/Tech
13a940ea,"Professional Profile
    Mechanical Engineering specialist with 4 years of experience in Robotics.
    Education: Diploma in Mechanical Engineering.
    
    Key Skills: AutoCAD, SolidWorks, Thermodynamics, FEA, Machine Design, CATIA
    
    Work Experience:
    Senior Engineer at Global Tech Corp.
    - Led projects involving Robotics and AutoCAD.
    - Optimized processes resulting in 20% efficiency gain.
    - Mentored junior staff and managed cross-functional teams.
    
    Projects:
    Implementation of Robotics framework for industrial scale.
    Certifications: Professional Mechanical Engineering Certification.",Mechanical Engineering,Robotics,Diploma,4,"AutoCAD, SolidWorks, Thermodynamics, FEA, Machine Design, CATIA",Industrial/Tech
9419c862,"Professional Profile
    Mechanical Engineering specialist with 2 years of experience in Thermodynamics.
    Education: Master's in Mechanical Engineering.
    
    Key Skills: AutoCAD, SolidWorks, Thermodynamics, FEA, Machine Design, CATIA
    
    Work Experience:
    Senior Engineer at Global Tech Corp.
    - Led projects involving Thermodynamics and AutoCAD.
    - Optimized processes resulting in 20% efficiency gain.
    - Mentored junior staff and managed cross-functional teams.
    
    Projects:
    Implementation of Thermodynamics framework for industrial scale.
    Certifications: Professional Mechanical Engineering Certification.",Mechanical Engineering,Thermodynamics,Master's,2,"AutoCAD, SolidWorks, Thermodynamics, FEA, Machine Design, CATIA",Industrial/Tech
f6bca518,"Professional Profile
    Mechanical Engineering specialist with 1 years of experience in Manufacturing.
    Education: Bachelor's in Mechanical Engineering.
    
    Key Skills: AutoCAD, SolidWorks, Thermodynamics, FEA, Machine Design, CATIA
    
    Work Experience:
    Senior Engineer at Global Tech Corp.
    - Led projects involving Manufacturing and AutoCAD.
    - Optimized processes resulting in 20% efficiency gain.
    - Mentored junior staff and managed cross-functional teams.
    
    Projects:
    Implementation of Manufacturing framework for industrial scale.
    Certifications: Professional Mechanical Engineering Certification.",Mechanical Engineering,Manufacturing,Bachelor's,1,"AutoCAD, SolidWorks, Thermodynamics, FEA, Machine Design, CATIA",Industrial/Tech
2e104cec,"Professional Profile
    Mechanical Engineering specialist with 1 years of experience in Automotive Design.
    Education: Master's in Mechanical Engineering.
    
    Key Skills: AutoCAD, SolidWorks, Thermodynamics, FEA, Machine Design, CATIA
    
    Work Experience:
    Senior Engineer at Global Tech Corp.
    - Led projects involving Automotive Design and AutoCAD.
    - Optimized processes resulting in 20% efficiency gain.
    - Mentored junior staff and managed cross-functional teams.
    
    Projects:
    Implementation of Automotive Design framework for industrial scale.
    Certifications: Professional Mechanical Engineering Certification.",Mechanical Engineering,Automotive Design,Master's,1,"AutoCAD, SolidWorks, Thermodynamics, FEA, Machine Design, CATIA",Industrial/Tech
80bab839,"Professional Profile
    Mechanical Engineering specialist with 1 years of experience in Automotive Design.
    Education: Professional Certification in Mechanical Engineering.
    
    Key Skills: AutoCAD, SolidWorks, Thermodynamics, FEA, Machine Design, CATIA
    
    Work Experience:
    Senior Engineer at Global Tech Corp.
    - Led projects involving Automotive Design and AutoCAD.
    - Optimized processes resulting in 20% efficiency gain.
    - Mentored junior staff and managed cross-functional teams.
    
    Projects:
    Implementation of Automotive Design framework for industrial scale.
    Certifications: Professional Mechanical Engineering Certification.",Mechanical Engineering,Automotive Design,Professional Certification,1,"AutoCAD, SolidWorks, Thermodynamics, FEA, Machine Design, CATIA",Industrial/Tech
394a5809,"Professional Profile
    Mechanical Engineering specialist with 9 years of experience in Automotive Design.
    Education: Diploma in Mechanical Engineering.
    
    Key Skills: AutoCAD, SolidWorks, Thermodynamics, FEA, Machine Design, CATIA
    
    Work Experience:
    Senior Engineer at Global Tech Corp.
    - Led projects involving Automotive Design and AutoCAD.
    - Optimized processes resulting in 20% efficiency gain.
    - Mentored junior staff and managed cross-functional teams.
    
    Projects:
    Implementation of Automotive Design framework for industrial scale.
    Certifications: Professional Mechanical Engineering Certification.",Mechanical Engineering,Automotive Design,Diploma,9,"AutoCAD, SolidWorks, Thermodynamics, FEA, Machine Design, CATIA",Industrial/Tech
066cb674,"Professional Profile
    Mechanical Engineering specialist with 12 years of experience in Robotics.
    Education: Diploma in Mechanical Engineering.
    
    Key Skills: AutoCAD, SolidWorks, Thermodynamics, FEA, Machine Design, CATIA
    
    Work Experience:
    Senior Engineer at Global Tech Corp.
    - Led projects involving Robotics and AutoCAD.
    - Optimized processes resulting in 20% efficiency gain.
    - Mentored junior staff and managed cross-functional teams.
    
    Projects:
    Implementation of Robotics framework for industrial scale.
    Certifications: Professional Mechanical Engineering Certification.",Mechanical Engineering,Robotics,Diploma,12,"AutoCAD, SolidWorks, Thermodynamics, FEA, Machine Design, CATIA",Industrial/Tech
74365e16,"Professional Profile
    Mechanical Engineering specialist with 8 years of experience in Robotics.
    Education: Diploma in Mechanical Engineering.
    
    Key Skills: AutoCAD, SolidWorks, Thermodynamics, FEA, Machine Design, CATIA
    
    Work Experience:
    Senior Engineer at Global Tech Corp.
    - Led projects involving Robotics and AutoCAD.
    - Optimized processes resulting in 20% efficiency gain.
    - Mentored junior staff and managed cross-functional teams.
    
    Projects:
    Implementation of Robotics framework for industrial scale.
    Certifications: Professional Mechanical Engineering Certification.",Mechanical Engineering,Robotics,Diploma,8,"AutoCAD, SolidWorks, Thermodynamics, FEA, Machine Design, CATIA",Industrial/Tech
b8625251,"Professional Profile
    Mechanical Engineering specialist with 11 years of experience in Automotive Design.
    Education: Master's in Mechanical Engineering.
    
    Key Skills: AutoCAD, SolidWorks, Thermodynamics, FEA, Machine Design, CATIA
    
    Work Experience:
    Senior Engineer at Global Tech Corp.
    - Led projects involving Automotive Design and AutoCAD.
    - Optimized processes resulting in 20% efficiency gain.
    - Mentored junior staff and managed cross-functional teams.
    
    Projects:
    Implementation of Automotive Design framework for industrial scale.
    Certifications: Professional Mechanical Engineering Certification.",Mechanical Engineering,Automotive Design,Master's,11,"AutoCAD, SolidWorks, Thermodynamics, FEA, Machine Design, CATIA",Industrial/Tech
52b80f89,"Professional Profile
    Mechanical Engineering specialist with 13 years of experience in Manufacturing.
    Education: Master's in Mechanical Engineering.
    
    Key Skills: AutoCAD, SolidWorks, Thermodynamics, FEA, Machine Design, CATIA
    
    Work Experience:
    Senior Engineer at Global Tech Corp.
    - Led projects involving Manufacturing and AutoCAD.
    - Optimized processes resulting in 20% efficiency gain.
    - Mentored junior staff and managed cross-functional teams.
    
    Projects:
    Implementation of Manufacturing framework for industrial scale.
    Certifications: Professional Mechanical Engineering Certification.",Mechanical Engineering,Manufacturing,Master's,13,"AutoCAD, SolidWorks, Thermodynamics, FEA, Machine Design, CATIA",Industrial/Tech
55133571,"Professional Profile
    Mechanical Engineering specialist with 12 years of experience in Robotics.
    Education: Bachelor's in Mechanical Engineering.
    
    Key Skills: AutoCAD, SolidWorks, Thermodynamics, FEA, Machine Design, CATIA
    
    Work Experience:
    Senior Engineer at Global Tech Corp.
    - Led projects involving Robotics and AutoCAD.
    - Optimized processes resulting in 20% efficiency gain.
    - Mentored junior staff and managed cross-functional teams.
    
    Projects:
    Implementation of Robotics framework for industrial scale.
    Certifications: Professional Mechanical Engineering Certification.",Mechanical Engineering,Robotics,Bachelor's,12,"AutoCAD, SolidWorks, Thermodynamics, FEA, Machine Design, CATIA",Industrial/Tech
01e25cc5,"Professional Profile
    Mechanical Engineering specialist with 8 years of experience in Thermodynamics.
    Education: Professional Certification in Mechanical Engineering.
    
    Key Skills: AutoCAD, SolidWorks, Thermodynamics, FEA, Machine Design, CATIA
    
    Work Experience:
    Senior Engineer at Global Tech Corp.
    - Led projects involving Thermodynamics and AutoCAD.
    - Optimized processes resulting in 20% efficiency gain.
    - Mentored junior staff and managed cross-functional teams.
    
    Projects:
    Implementation of Thermodynamics framework for industrial scale.
    Certifications: Professional Mechanical Engineering Certification.",Mechanical Engineering,Thermodynamics,Professional Certification,8,"AutoCAD, SolidWorks, Thermodynamics, FEA, Machine Design, CATIA",Industrial/Tech
18ca0cb1,"Professional Profile
    Mechanical Engineering specialist with 5 years of experience in Thermodynamics.
    Education: Bachelor's in Mechanical Engineering.
    
    Key Skills: AutoCAD, SolidWorks, Thermodynamics, FEA, Machine Design, CATIA
    
    Work Experience:
    Senior Engineer at Global Tech Corp.
    - Led projects involving Thermodynamics and AutoCAD.
    - Optimized processes resulting in 20% efficiency gain.
    - Mentored junior staff and managed cross-functional teams.
    
    Projects:
    Implementation of Thermodynamics framework for industrial scale.
    Certifications: Professional Mechanical Engineering Certification.",Mechanical Engineering,Thermodynamics,Bachelor's,5,"AutoCAD, SolidWorks, Thermodynamics, FEA, Machine Design, CATIA",Industrial/Tech
bb4160c8,"Professional Profile
    Mechanical Engineering specialist with 14 years of experience in HVAC.
    Education: Master's in Mechanical Engineering.
    
    Key Skills: AutoCAD, SolidWorks, Thermodynamics, FEA, Machine Design, CATIA
    
    Work Experience:
    Senior Engineer at Global Tech Corp.
    - Led projects involving HVAC and AutoCAD.
    - Optimized processes resulting in 20% efficiency gain.
    - Mentored junior staff and managed cross-functional teams.
    
    Projects:
    Implementation of HVAC framework for industrial scale.
    Certifications: Professional Mechanical Engineering Certification.",Mechanical Engineering,HVAC,Master's,14,"AutoCAD, SolidWorks, Thermodynamics, FEA, Machine Design, CATIA",Industrial/Tech
1c92a6f7,"Professional Profile
    Mechanical Engineering specialist with 3 years of experience in Thermodynamics.
    Education: Professional Certification in Mechanical Engineering.
    
    Key Skills: AutoCAD, SolidWorks, Thermodynamics, FEA, Machine Design, CATIA
    
    Work Experience:
    Senior Engineer at Global Tech Corp.
    - Led projects involving Thermodynamics and AutoCAD.
    - Optimized processes resulting in 20% efficiency gain.
    - Mentored junior staff and managed cross-functional teams.
    
    Projects:
    Implementation of Thermodynamics framework for industrial scale.
    Certifications: Professional Mechanical Engineering Certification.",Mechanical Engineering,Thermodynamics,Professional Certification,3,"AutoCAD, SolidWorks, Thermodynamics, FEA, Machine Design, CATIA",Industrial/Tech
db6dcea4,"Professional Profile
    Mechanical Engineering specialist with 10 years of experience in Robotics.
    Education: Master's in Mechanical Engineering.
    
    Key Skills: AutoCAD, SolidWorks, Thermodynamics, FEA, Machine Design, CATIA
    
    Work Experience:
    Senior Engineer at Global Tech Corp.
    - Led projects involving Robotics and AutoCAD.
    - Optimized processes resulting in 20% efficiency gain.
    - Mentored junior staff and managed cross-functional teams.
    
    Projects:
    Implementation of Robotics framework for industrial scale.
    Certifications: Professional Mechanical Engineering Certification.",Mechanical Engineering,Robotics,Master's,10,"AutoCAD, SolidWorks, Thermodynamics, FEA, Machine Design, CATIA",Industrial/Tech
6659b80c,"Professional Profile
    Mechanical Engineering specialist with 2 years of experience in Automotive Design.
    Education: Diploma in Mechanical Engineering.
    
    Key Skills: AutoCAD, SolidWorks, Thermodynamics, FEA, Machine Design, CATIA
    
    Work Experience:
    Senior Engineer at Global Tech Corp.
    - Led projects involving Automotive Design and AutoCAD.
    - Optimized processes resulting in 20% efficiency gain.
    - Mentored junior staff and managed cross-functional teams.
    
    Projects:
    Implementation of Automotive Design framework for industrial scale.
    Certifications: Professional Mechanical Engineering Certification.",Mechanical Engineering,Automotive Design,Diploma,2,"AutoCAD, SolidWorks, Thermodynamics, FEA, Machine Design, CATIA",Industrial/Tech
8b6cdb11,"Professional Profile
    Mechanical Engineering specialist with 14 years of experience in Thermodynamics.
    Education: Professional Certification in Mechanical Engineering.
    
    Key Skills: AutoCAD, SolidWorks, Thermodynamics, FEA, Machine Design, CATIA
    
    Work Experience:
    Senior Engineer at Global Tech Corp.
    - Led projects involving Thermodynamics and AutoCAD.
    - Optimized processes resulting in 20% efficiency gain.
    - Mentored junior staff and managed cross-functional teams.
    
    Projects:
    Implementation of Thermodynamics framework for industrial scale.
    Certifications: Professional Mechanical Engineering Certification.",Mechanical Engineering,Thermodynamics,Professional Certification,14,"AutoCAD, SolidWorks, Thermodynamics, FEA, Machine Design, CATIA",Industrial/Tech
a1d17c96,"Professional Profile
    Mechanical Engineering specialist with 10 years of experience in Automotive Design.
    Education: Professional Certification in Mechanical Engineering.
    
    Key Skills: AutoCAD, SolidWorks, Thermodynamics, FEA, Machine Design, CATIA
    
    Work Experience:
    Senior Engineer at Global Tech Corp.
    - Led projects involving Automotive Design and AutoCAD.
    - Optimized processes resulting in 20% efficiency gain.
    - Mentored junior staff and managed cross-functional teams.
    
    Projects:
    Implementation of Automotive Design framework for industrial scale.
    Certifications: Professional Mechanical Engineering Certification.",Mechanical Engineering,Automotive Design,Professional Certification,10,"AutoCAD, SolidWorks, Thermodynamics, FEA, Machine Design, CATIA",Industrial/Tech
2ba35c71,"Professional Profile
    Mechanical Engineering specialist with 13 years of experience in Manufacturing.
    Education: Diploma in Mechanical Engineering.
    
    Key Skills: AutoCAD, SolidWorks, Thermodynamics, FEA, Machine Design, CATIA
    
    Work Experience:
    Senior Engineer at Global Tech Corp.
    - Led projects involving Manufacturing and AutoCAD.
    - Optimized processes resulting in 20% efficiency gain.
    - Mentored junior staff and managed cross-functional teams.
    
    Projects:
    Implementation of Manufacturing framework for industrial scale.
    Certifications: Professional Mechanical Engineering Certification.",Mechanical Engineering,Manufacturing,Diploma,13,"AutoCAD, SolidWorks, Thermodynamics, FEA, Machine Design, CATIA",Industrial/Tech
38382f13,"Professional Profile
    Mechanical Engineering specialist with 13 years of experience in Automotive Design.
    Education: Master's in Mechanical Engineering.
    
    Key Skills: AutoCAD, SolidWorks, Thermodynamics, FEA, Machine Design, CATIA
    
    Work Experience:
    Senior Engineer at Global Tech Corp.
    - Led projects involving Automotive Design and AutoCAD.
    - Optimized processes resulting in 20% efficiency gain.
    - Mentored junior staff and managed cross-functional teams.
    
    Projects:
    Implementation of Automotive Design framework for industrial scale.
    Certifications: Professional Mechanical Engineering Certification.",Mechanical Engineering,Automotive Design,Master's,13,"AutoCAD, SolidWorks, Thermodynamics, FEA, Machine Design, CATIA",Industrial/Tech
382b167b,"Professional Profile
    Mechanical Engineering specialist with 14 years of experience in Thermodynamics.
    Education: Master's in Mechanical Engineering.
    
    Key Skills: AutoCAD, SolidWorks, Thermodynamics, FEA, Machine Design, CATIA
    
    Work Experience:
    Senior Engineer at Global Tech Corp.
    - Led projects involving Thermodynamics and AutoCAD.
    - Optimized processes resulting in 20% efficiency gain.
    - Mentored junior staff and managed cross-functional teams.
    
    Projects:
    Implementation of Thermodynamics framework for industrial scale.
    Certifications: Professional Mechanical Engineering Certification.",Mechanical Engineering,Thermodynamics,Master's,14,"AutoCAD, SolidWorks, Thermodynamics, FEA, Machine Design, CATIA",Industrial/Tech
511d38f6,"Professional Profile
    Mechanical Engineering specialist with 15 years of experience in HVAC.
    Education: Diploma in Mechanical Engineering.
    
    Key Skills: AutoCAD, SolidWorks, Thermodynamics, FEA, Machine Design, CATIA
    
    Work Experience:
    Senior Engineer at Global Tech Corp.
    - Led projects involving HVAC and AutoCAD.
    - Optimized processes resulting in 20% efficiency gain.
    - Mentored junior staff and managed cross-functional teams.
    
    Projects:
    Implementation of HVAC framework for industrial scale.
    Certifications: Professional Mechanical Engineering Certification.",Mechanical Engineering,HVAC,Diploma,15,"AutoCAD, SolidWorks, Thermodynamics, FEA, Machine Design, CATIA",Industrial/Tech
ac4ce4bb,"Professional Profile
    Mechanical Engineering specialist with 15 years of experience in Thermodynamics.
    Education: Diploma in Mechanical Engineering.
    
    Key Skills: AutoCAD, SolidWorks, Thermodynamics, FEA, Machine Design, CATIA
    
    Work Experience:
    Senior Engineer at Global Tech Corp.
    - Led projects involving Thermodynamics and AutoCAD.
    - Optimized processes resulting in 20% efficiency gain.
    - Mentored junior staff and managed cross-functional teams.
    
    Projects:
    Implementation of Thermodynamics framework for industrial scale.
    Certifications: Professional Mechanical Engineering Certification.",Mechanical Engineering,Thermodynamics,Diploma,15,"AutoCAD, SolidWorks, Thermodynamics, FEA, Machine Design, CATIA",Industrial/Tech
4c8ad922,"Professional Profile
    Mechanical Engineering specialist with 6 years of experience in Manufacturing.
    Education: Professional Certification in Mechanical Engineering.
    
    Key Skills: AutoCAD, SolidWorks, Thermodynamics, FEA, Machine Design, CATIA
    
    Work Experience:
    Senior Engineer at Global Tech Corp.
    - Led projects involving Manufacturing and AutoCAD.
    - Optimized processes resulting in 20% efficiency gain.
    - Mentored junior staff and managed cross-functional teams.
    
    Projects:
    Implementation of Manufacturing framework for industrial scale.
    Certifications: Professional Mechanical Engineering Certification.",Mechanical Engineering,Manufacturing,Professional Certification,6,"AutoCAD, SolidWorks, Thermodynamics, FEA, Machine Design, CATIA",Industrial/Tech
a8b0a305,"Professional Profile
    Mechanical Engineering specialist with 1 years of experience in HVAC.
    Education: Diploma in Mechanical Engineering.
    
    Key Skills: AutoCAD, SolidWorks, Thermodynamics, FEA, Machine Design, CATIA
    
    Work Experience:
    Senior Engineer at Global Tech Corp.
    - Led projects involving HVAC and AutoCAD.
    - Optimized processes resulting in 20% efficiency gain.
    - Mentored junior staff and managed cross-functional teams.
    
    Projects:
    Implementation of HVAC framework for industrial scale.
    Certifications: Professional Mechanical Engineering Certification.",Mechanical Engineering,HVAC,Diploma,1,"AutoCAD, SolidWorks, Thermodynamics, FEA, Machine Design, CATIA",Industrial/Tech
8807e8af,"Professional Profile
    Mechanical Engineering specialist with 2 years of experience in Robotics.
    Education: Master's in Mechanical Engineering.
    
    Key Skills: AutoCAD, SolidWorks, Thermodynamics, FEA, Machine Design, CATIA
    
    Work Experience:
    Senior Engineer at Global Tech Corp.
    - Led projects involving Robotics and AutoCAD.
    - Optimized processes resulting in 20% efficiency gain.
    - Mentored junior staff and managed cross-functional teams.
    
    Projects:
    Implementation of Robotics framework for industrial scale.
    Certifications: Professional Mechanical Engineering Certification.",Mechanical Engineering,Robotics,Master's,2,"AutoCAD, SolidWorks, Thermodynamics, FEA, Machine Design, CATIA",Industrial/Tech
6c437d3d,"Professional Profile
    Mechanical Engineering specialist with 10 years of experience in Automotive Design.
    Education: Professional Certification in Mechanical Engineering.
    
    Key Skills: AutoCAD, SolidWorks, Thermodynamics, FEA, Machine Design, CATIA
    
    Work Experience:
    Senior Engineer at Global Tech Corp.
    - Led projects involving Automotive Design and AutoCAD.
    - Optimized processes resulting in 20% efficiency gain.
    - Mentored junior staff and managed cross-functional teams.
    
    Projects:
    Implementation of Automotive Design framework for industrial scale.
    Certifications: Professional Mechanical Engineering Certification.",Mechanical Engineering,Automotive Design,Professional Certification,10,"AutoCAD, SolidWorks, Thermodynamics, FEA, Machine Design, CATIA",Industrial/Tech
92578629,"Professional Profile
    Mechanical Engineering specialist with 11 years of experience in Manufacturing.
    Education: Professional Certification in Mechanical Engineering.
    
    Key Skills: AutoCAD, SolidWorks, Thermodynamics, FEA, Machine Design, CATIA
    
    Work Experience:
    Senior Engineer at Global Tech Corp.
    - Led projects involving Manufacturing and AutoCAD.
    - Optimized processes resulting in 20% efficiency gain.
    - Mentored junior staff and managed cross-functional teams.
    
    Projects:
    Implementation of Manufacturing framework for industrial scale.
    Certifications: Professional Mechanical Engineering Certification.",Mechanical Engineering,Manufacturing,Professional Certification,11,"AutoCAD, SolidWorks, Thermodynamics, FEA, Machine Design, CATIA",Industrial/Tech
cc4f574f,"Professional Profile
    Mechanical Engineering specialist with 5 years of experience in Automotive Design.
    Education: Professional Certification in Mechanical Engineering.
    
    Key Skills: AutoCAD, SolidWorks, Thermodynamics, FEA, Machine Design, CATIA
    
    Work Experience:
    Senior Engineer at Global Tech Corp.
    - Led projects involving Automotive Design and AutoCAD.
    - Optimized processes resulting in 20% efficiency gain.
    - Mentored junior staff and managed cross-functional teams.
    
    Projects:
    Implementation of Automotive Design framework for industrial scale.
    Certifications: Professional Mechanical Engineering Certification.",Mechanical Engineering,Automotive Design,Professional Certification,5,"AutoCAD, SolidWorks, Thermodynamics, FEA, Machine Design, CATIA",Industrial/Tech
0223ebc9,"Professional Profile
    Civil Engineering specialist with 7 years of experience in Construction Management.
    Education: Diploma in Civil Engineering.
    
    Key Skills: STAAD.Pro, Revit, Surveying, Structural Design, BIM, Concrete Technology
    
    Work Experience:
    Senior Engineer at Global Tech Corp.
    - Led projects involving Construction Management and STAAD.Pro.
    - Optimized processes resulting in 20% efficiency gain.
    - Mentored junior staff and managed cross-functional teams.
    
    Projects:
    Implementation of Construction Management framework for industrial scale.
    Certifications: Professional Civil Engineering Certification.",Civil Engineering,Construction Management,Diploma,7,"STAAD.Pro, Revit, Surveying, Structural Design, BIM, Concrete Technology",Industrial/Tech
b171e5b1,"Professional Profile
    Civil Engineering specialist with 9 years of experience in Structural Analysis.
    Education: Master's in Civil Engineering.
    
    Key Skills: STAAD.Pro, Revit, Surveying, Structural Design, BIM, Concrete Technology
    
    Work Experience:
    Senior Engineer at Global Tech Corp.
    - Led projects involving Structural Analysis and STAAD.Pro.
    - Optimized processes resulting in 20% efficiency gain.
    - Mentored junior staff and managed cross-functional teams.
    
    Projects:
    Implementation of Structural Analysis framework for industrial scale.
    Certifications: Professional Civil Engineering Certification.",Civil Engineering,Structural Analysis,Master's,9,"STAAD.Pro, Revit, Surveying, Structural Design, BIM, Concrete Technology",Industrial/Tech
bc3f872b,"Professional Profile
    Civil Engineering specialist with 12 years of experience in Geotechnical Engineering.
    Education: Master's in Civil Engineering.
    
    Key Skills: STAAD.Pro, Revit, Surveying, Structural Design, BIM, Concrete Technology
    
    Work Experience:
    Senior Engineer at Global Tech Corp.
    - Led projects involving Geotechnical Engineering and STAAD.Pro.
    - Optimized processes resulting in 20% efficiency gain.
    - Mentored junior staff and managed cross-functional teams.
    
    Projects:
    Implementation of Geotechnical Engineering framework for industrial scale.
    Certifications: Professional Civil Engineering Certification.",Civil Engineering,Geotechnical Engineering,Master's,12,"STAAD.Pro, Revit, Surveying, Structural Design, BIM, Concrete Technology",Industrial/Tech
8eb54d37,"Professional Profile
    Civil Engineering specialist with 10 years of experience in Geotechnical Engineering.
    Education: Bachelor's in Civil Engineering.
    
    Key Skills: STAAD.Pro, Revit, Surveying, Structural Design, BIM, Concrete Technology
    
    Work Experience:
    Senior Engineer at Global Tech Corp.
    - Led projects involving Geotechnical Engineering and STAAD.Pro.
    - Optimized processes resulting in 20% efficiency gain.
    - Mentored junior staff and managed cross-functional teams.
    
    Projects:
    Implementation of Geotechnical Engineering framework for industrial scale.
    Certifications: Professional Civil Engineering Certification.",Civil Engineering,Geotechnical Engineering,Bachelor's,10,"STAAD.Pro, Revit, Surveying, Structural Design, BIM, Concrete Technology",Industrial/Tech
03a383c8,"Professional Profile
    Civil Engineering specialist with 5 years of experience in Construction Management.
    Education: Diploma in Civil Engineering.
    
    Key Skills: STAAD.Pro, Revit, Surveying, Structural Design, BIM, Concrete Technology
    
    Work Experience:
    Senior Engineer at Global Tech Corp.
    - Led projects involving Construction Management and STAAD.Pro.
    - Optimized processes resulting in 20% efficiency gain.
    - Mentored junior staff and managed cross-functional teams.
    
    Projects:
    Implementation of Construction Management framework for industrial scale.
    Certifications: Professional Civil Engineering Certification.",Civil Engineering,Construction Management,Diploma,5,"STAAD.Pro, Revit, Surveying, Structural Design, BIM, Concrete Technology",Industrial/Tech
fe7df1a3,"Professional Profile
    Civil Engineering specialist with 7 years of experience in Transportation.
    Education: Diploma in Civil Engineering.
    
    Key Skills: STAAD.Pro, Revit, Surveying, Structural Design, BIM, Concrete Technology
    
    Work Experience:
    Senior Engineer at Global Tech Corp.
    - Led projects involving Transportation and STAAD.Pro.
    - Optimized processes resulting in 20% efficiency gain.
    - Mentored junior staff and managed cross-functional teams.
    
    Projects:
    Implementation of Transportation framework for industrial scale.
    Certifications: Professional Civil Engineering Certification.",Civil Engineering,Transportation,Diploma,7,"STAAD.Pro, Revit, Surveying, Structural Design, BIM, Concrete Technology",Industrial/Tech
2c3f6fa2,"Professional Profile
    Civil Engineering specialist with 11 years of experience in Geotechnical Engineering.
    Education: Professional Certification in Civil Engineering.
    
    Key Skills: STAAD.Pro, Revit, Surveying, Structural Design, BIM, Concrete Technology
    
    Work Experience:
    Senior Engineer at Global Tech Corp.
    - Led projects involving Geotechnical Engineering and STAAD.Pro.
    - Optimized processes resulting in 20% efficiency gain.
    - Mentored junior staff and managed cross-functional teams.
    
    Projects:
    Implementation of Geotechnical Engineering framework for industrial scale.
    Certifications: Professional Civil Engineering Certification.",Civil Engineering,Geotechnical Engineering,Professional Certification,11,"STAAD.Pro, Revit, Surveying, Structural Design, BIM, Concrete Technology",Industrial/Tech
43274a53,"Professional Profile
    Civil Engineering specialist with 9 years of experience in Transportation.
    Education: Master's in Civil Engineering.
    
    Key Skills: STAAD.Pro, Revit, Surveying, Structural Design, BIM, Concrete Technology
    
    Work Experience:
    Senior Engineer at Global Tech Corp.
    - Led projects involving Transportation and STAAD.Pro.
    - Optimized processes resulting in 20% efficiency gain.
    - Mentored junior staff and managed cross-functional teams.
    
    Projects:
    Implementation of Transportation framework for industrial scale.
    Certifications: Professional Civil Engineering Certification.",Civil Engineering,Transportation,Master's,9,"STAAD.Pro, Revit, Surveying, Structural Design, BIM, Concrete Technology",Industrial/Tech
673eef18,"Professional Profile
    Civil Engineering specialist with 12 years of experience in Construction Management.
    Education: Diploma in Civil Engineering.
    
    Key Skills: STAAD.Pro, Revit, Surveying, Structural Design, BIM, Concrete Technology
    
    Work Experience:
    Senior Engineer at Global Tech Corp.
    - Led projects involving Construction Management and STAAD.Pro.
    - Optimized processes resulting in 20% efficiency gain.
    - Mentored junior staff and managed cross-functional teams.
    
    Projects:
    Implementation of Construction Management framework for industrial scale.
    Certifications: Professional Civil Engineering Certification.",Civil Engineering,Construction Management,Diploma,12,"STAAD.Pro, Revit, Surveying, Structural Design, BIM, Concrete Technology",Industrial/Tech
ac08e843,"Professional Profile
    Civil Engineering specialist with 15 years of experience in Transportation.
    Education: Bachelor's in Civil Engineering.
    
    Key Skills: STAAD.Pro, Revit, Surveying, Structural Design, BIM, Concrete Technology
    
    Work Experience:
    Senior Engineer at Global Tech Corp.
    - Led projects involving Transportation and STAAD.Pro.
    - Optimized processes resulting in 20% efficiency gain.
    - Mentored junior staff and managed cross-functional teams.
    
    Projects:
    Implementation of Transportation framework for industrial scale.
    Certifications: Professional Civil Engineering Certification.",Civil Engineering,Transportation,Bachelor's,15,"STAAD.Pro, Revit, Surveying, Structural Design, BIM, Concrete Technology",Industrial/Tech
d37d889d,"Professional Profile
    Civil Engineering specialist with 2 years of experience in Construction Management.
    Education: Bachelor's in Civil Engineering.
    
    Key Skills: STAAD.Pro, Revit, Surveying, Structural Design, BIM, Concrete Technology
    
    Work Experience:
    Senior Engineer at Global Tech Corp.
    - Led projects involving Construction Management and STAAD.Pro.
    - Optimized processes resulting in 20% efficiency gain.
    - Mentored junior staff and managed cross-functional teams.
    
    Projects:
    Implementation of Construction Management framework for industrial scale.
    Certifications: Professional Civil Engineering Certification.",Civil Engineering,Construction Management,Bachelor's,2,"STAAD.Pro, Revit, Surveying, Structural Design, BIM, Concrete Technology",Industrial/Tech
cc35ea46,"Professional Profile
    Civil Engineering specialist with 6 years of experience in Transportation.
    Education: Diploma in Civil Engineering.
    
    Key Skills: STAAD.Pro, Revit, Surveying, Structural Design, BIM, Concrete Technology
    
    Work Experience:
    Senior Engineer at Global Tech Corp.
    - Led projects involving Transportation and STAAD.Pro.
    - Optimized processes resulting in 20% efficiency gain.
    - Mentored junior staff and managed cross-functional teams.
    
    Projects:
    Implementation of Transportation framework for industrial scale.
    Certifications: Professional Civil Engineering Certification.",Civil Engineering,Transportation,Diploma,6,"STAAD.Pro, Revit, Surveying, Structural Design, BIM, Concrete Technology",Industrial/Tech
3427f5f5,"Professional Profile
    Civil Engineering specialist with 13 years of experience in Construction Management.
    Education: Master's in Civil Engineering.
    
    Key Skills: STAAD.Pro, Revit, Surveying, Structural Design, BIM, Concrete Technology
    
    Work Experience:
    Senior Engineer at Global Tech Corp.
    - Led projects involving Construction Management and STAAD.Pro.
    - Optimized processes resulting in 20% efficiency gain.
    - Mentored junior staff and managed cross-functional teams.
    
    Projects:
    Implementation of Construction Management framework for industrial scale.
    Certifications: Professional Civil Engineering Certification.",Civil Engineering,Construction Management,Master's,13,"STAAD.Pro, Revit, Surveying, Structural Design, BIM, Concrete Technology",Industrial/Tech
83944575,"Professional Profile
    Civil Engineering specialist with 3 years of experience in Geotechnical Engineering.
    Education: Diploma in Civil Engineering.
    
    Key Skills: STAAD.Pro, Revit, Surveying, Structural Design, BIM, Concrete Technology
    
    Work Experience:
    Senior Engineer at Global Tech Corp.
    - Led projects involving Geotechnical Engineering and STAAD.Pro.
    - Optimized processes resulting in 20% efficiency gain.
    - Mentored junior staff and managed cross-functional teams.
    
    Projects:
    Implementation of Geotechnical Engineering framework for industrial scale.
    Certifications: Professional Civil Engineering Certification.",Civil Engineering,Geotechnical Engineering,Diploma,3,"STAAD.Pro, Revit, Surveying, Structural Design, BIM, Concrete Technology",Industrial/Tech
e518242c,"Professional Profile
    Civil Engineering specialist with 3 years of experience in Construction Management.
    Education: Bachelor's in Civil Engineering.
    
    Key Skills: STAAD.Pro, Revit, Surveying, Structural Design, BIM, Concrete Technology
    
    Work Experience:
    Senior Engineer at Global Tech Corp.
    - Led projects involving Construction Management and STAAD.Pro.
    - Optimized processes resulting in 20% efficiency gain.
    - Mentored junior staff and managed cross-functional teams.
    
    Projects:
    Implementation of Construction Management framework for industrial scale.
    Certifications: Professional Civil Engineering Certification.",Civil Engineering,Construction Management,Bachelor's,3,"STAAD.Pro, Revit, Surveying, Structural Design, BIM, Concrete Technology",Industrial/Tech
001da176,"Professional Profile
    Civil Engineering specialist with 12 years of experience in Geotechnical Engineering.
    Education: Bachelor's in Civil Engineering.
    
    Key Skills: STAAD.Pro, Revit, Surveying, Structural Design, BIM, Concrete Technology
    
    Work Experience:
    Senior Engineer at Global Tech Corp.
    - Led projects involving Geotechnical Engineering and STAAD.Pro.
    - Optimized processes resulting in 20% efficiency gain.
    - Mentored junior staff and managed cross-functional teams.
    
    Projects:
    Implementation of Geotechnical Engineering framework for industrial scale.
    Certifications: Professional Civil Engineering Certification.",Civil Engineering,Geotechnical Engineering,Bachelor's,12,"STAAD.Pro, Revit, Surveying, Structural Design, BIM, Concrete Technology",Industrial/Tech
2a552486,"Professional Profile
    Civil Engineering specialist with 6 years of experience in Transportation.
    Education: Bachelor's in Civil Engineering.
    
    Key Skills: STAAD.Pro, Revit, Surveying, Structural Design, BIM, Concrete Technology
    
    Work Experience:
    Senior Engineer at Global Tech Corp.
    - Led projects involving Transportation and STAAD.Pro.
    - Optimized processes resulting in 20% efficiency gain.
    - Mentored junior staff and managed cross-functional teams.
    
    Projects:
    Implementation of Transportation framework for industrial scale.
    Certifications: Professional Civil Engineering Certification.",Civil Engineering,Transportation,Bachelor's,6,"STAAD.Pro, Revit, Surveying, Structural Design, BIM, Concrete Technology",Industrial/Tech
3f400fa8,"Professional Profile
    Civil Engineering specialist with 7 years of experience in Geotechnical Engineering.
    Education: Diploma in Civil Engineering.
    
    Key Skills: STAAD.Pro, Revit, Surveying, Structural Design, BIM, Concrete Technology
    
    Work Experience:
    Senior Engineer at Global Tech Corp.
    - Led projects involving Geotechnical Engineering and STAAD.Pro.
    - Optimized processes resulting in 20% efficiency gain.
    - Mentored junior staff and managed cross-functional teams.
    
    Projects:
    Implementation of Geotechnical Engineering framework for industrial scale.
    Certifications: Professional Civil Engineering Certification.",Civil Engineering,Geotechnical Engineering,Diploma,7,"STAAD.Pro, Revit, Surveying, Structural Design, BIM, Concrete Technology",Industrial/Tech
b809ea2f,"Professional Profile
    Civil Engineering specialist with 8 years of experience in Geotechnical Engineering.
    Education: Professional Certification in Civil Engineering.
    
    Key Skills: STAAD.Pro, Revit, Surveying, Structural Design, BIM, Concrete Technology
    
    Work Experience:
    Senior Engineer at Global Tech Corp.
    - Led projects involving Geotechnical Engineering and STAAD.Pro.
    - Optimized processes resulting in 20% efficiency gain.
    - Mentored junior staff and managed cross-functional teams.
    
    Projects:
    Implementation of Geotechnical Engineering framework for industrial scale.
    Certifications: Professional Civil Engineering Certification.",Civil Engineering,Geotechnical Engineering,Professional Certification,8,"STAAD.Pro, Revit, Surveying, Structural Design, BIM, Concrete Technology",Industrial/Tech
728cc029,"Professional Profile
    Civil Engineering specialist with 6 years of experience in Construction Management.
    Education: Diploma in Civil Engineering.
    
    Key Skills: STAAD.Pro, Revit, Surveying, Structural Design, BIM, Concrete Technology
    
    Work Experience:
    Senior Engineer at Global Tech Corp.
    - Led projects involving Construction Management and STAAD.Pro.
    - Optimized processes resulting in 20% efficiency gain.
    - Mentored junior staff and managed cross-functional teams.
    
    Projects:
    Implementation of Construction Management framework for industrial scale.
    Certifications: Professional Civil Engineering Certification.",Civil Engineering,Construction Management,Diploma,6,"STAAD.Pro, Revit, Surveying, Structural Design, BIM, Concrete Technology",Industrial/Tech
e9ee82c0,"Professional Profile
    Civil Engineering specialist with 1 years of experience in Transportation.
    Education: Diploma in Civil Engineering.
    
    Key Skills: STAAD.Pro, Revit, Surveying, Structural Design, BIM, Concrete Technology
    
    Work Experience:
    Senior Engineer at Global Tech Corp.
    - Led projects involving Transportation and STAAD.Pro.
    - Optimized processes resulting in 20% efficiency gain.
    - Mentored junior staff and managed cross-functional teams.
    
    Projects:
    Implementation of Transportation framework for industrial scale.
    Certifications: Professional Civil Engineering Certification.",Civil Engineering,Transportation,Diploma,1,"STAAD.Pro, Revit, Surveying, Structural Design, BIM, Concrete Technology",Industrial/Tech
78e33478,"Professional Profile
    Civil Engineering specialist with 13 years of experience in Geotechnical Engineering.
    Education: Bachelor's in Civil Engineering.
    
    Key Skills: STAAD.Pro, Revit, Surveying, Structural Design, BIM, Concrete Technology
    
    Work Experience:
    Senior Engineer at Global Tech Corp.
    - Led projects involving Geotechnical Engineering and STAAD.Pro.
    - Optimized processes resulting in 20% efficiency gain.
    - Mentored junior staff and managed cross-functional teams.
    
    Projects:
    Implementation of Geotechnical Engineering framework for industrial scale.
    Certifications: Professional Civil Engineering Certification.",Civil Engineering,Geotechnical Engineering,Bachelor's,13,"STAAD.Pro, Revit, Surveying, Structural Design, BIM, Concrete Technology",Industrial/Tech
2797b5f9,"Professional Profile
    Civil Engineering specialist with 13 years of experience in Transportation.
    Education: Professional Certification in Civil Engineering.
    
    Key Skills: STAAD.Pro, Revit, Surveying, Structural Design, BIM, Concrete Technology
    
    Work Experience:
    Senior Engineer at Global Tech Corp.
    - Led projects involving Transportation and STAAD.Pro.
    - Optimized processes resulting in 20% efficiency gain.
    - Mentored junior staff and managed cross-functional teams.
    
    Projects:
    Implementation of Transportation framework for industrial scale.
    Certifications: Professional Civil Engineering Certification.",Civil Engineering,Transportation,Professional Certification,13,"STAAD.Pro, Revit, Surveying, Structural Design, BIM, Concrete Technology",Industrial/Tech
f416d1b8,"Professional Profile
    Civil Engineering specialist with 6 years of experience in Structural Analysis.
    Education: Professional Certification in Civil Engineering.
    
    Key Skills: STAAD.Pro, Revit, Surveying, Structural Design, BIM, Concrete Technology
    
    Work Experience:
    Senior Engineer at Global Tech Corp.
    - Led projects involving Structural Analysis and STAAD.Pro.
    - Optimized processes resulting in 20% efficiency gain.
    - Mentored junior staff and managed cross-functional teams.
    
    Projects:
    Implementation of Structural Analysis framework for industrial scale.
    Certifications: Professional Civil Engineering Certification.",Civil Engineering,Structural Analysis,Professional Certification,6,"STAAD.Pro, Revit, Surveying, Structural Design, BIM, Concrete Technology",Industrial/Tech
36b09ac0,"Professional Profile
    Civil Engineering specialist with 13 years of experience in Geotechnical Engineering.
    Education: Professional Certification in Civil Engineering.
    
    Key Skills: STAAD.Pro, Revit, Surveying, Structural Design, BIM, Concrete Technology
    
    Work Experience:
    Senior Engineer at Global Tech Corp.
    - Led projects involving Geotechnical Engineering and STAAD.Pro.
    - Optimized processes resulting in 20% efficiency gain.
    - Mentored junior staff and managed cross-functional teams.
    
    Projects:
    Implementation of Geotechnical Engineering framework for industrial scale.
    Certifications: Professional Civil Engineering Certification.",Civil Engineering,Geotechnical Engineering,Professional Certification,13,"STAAD.Pro, Revit, Surveying, Structural Design, BIM, Concrete Technology",Industrial/Tech
a72a54a1,"Professional Profile
    Civil Engineering specialist with 13 years of experience in Geotechnical Engineering.
    Education: Professional Certification in Civil Engineering.
    
    Key Skills: STAAD.Pro, Revit, Surveying, Structural Design, BIM, Concrete Technology
    
    Work Experience:
    Senior Engineer at Global Tech Corp.
    - Led projects involving Geotechnical Engineering and STAAD.Pro.
    - Optimized processes resulting in 20% efficiency gain.
    - Mentored junior staff and managed cross-functional teams.
    
    Projects:
    Implementation of Geotechnical Engineering framework for industrial scale.
    Certifications: Professional Civil Engineering Certification.",Civil Engineering,Geotechnical Engineering,Professional Certification,13,"STAAD.Pro, Revit, Surveying, Structural Design, BIM, Concrete Technology",Industrial/Tech
91499e78,"Professional Profile
    Civil Engineering specialist with 15 years of experience in Construction Management.
    Education: Diploma in Civil Engineering.
    
    Key Skills: STAAD.Pro, Revit, Surveying, Structural Design, BIM, Concrete Technology
    
    Work Experience:
    Senior Engineer at Global Tech Corp.
    - Led projects involving Construction Management and STAAD.Pro.
    - Optimized processes resulting in 20% efficiency gain.
    - Mentored junior staff and managed cross-functional teams.
    
    Projects:
    Implementation of Construction Management framework for industrial scale.
    Certifications: Professional Civil Engineering Certification.",Civil Engineering,Construction Management,Diploma,15,"STAAD.Pro, Revit, Surveying, Structural Design, BIM, Concrete Technology",Industrial/Tech
cf08f0c6,"Professional Profile
    Civil Engineering specialist with 1 years of experience in Transportation.
    Education: Bachelor's in Civil Engineering.
    
    Key Skills: STAAD.Pro, Revit, Surveying, Structural Design, BIM, Concrete Technology
    
    Work Experience:
    Senior Engineer at Global Tech Corp.
    - Led projects involving Transportation and STAAD.Pro.
    - Optimized processes resulting in 20% efficiency gain.
    - Mentored junior staff and managed cross-functional teams.
    
    Projects:
    Implementation of Transportation framework for industrial scale.
    Certifications: Professional Civil Engineering Certification.",Civil Engineering,Transportation,Bachelor's,1,"STAAD.Pro, Revit, Surveying, Structural Design, BIM, Concrete Technology",Industrial/Tech
87c0fedb,"Professional Profile
    Civil Engineering specialist with 14 years of experience in Geotechnical Engineering.
    Education: Master's in Civil Engineering.
    
    Key Skills: STAAD.Pro, Revit, Surveying, Structural Design, BIM, Concrete Technology
    
    Work Experience:
    Senior Engineer at Global Tech Corp.
    - Led projects involving Geotechnical Engineering and STAAD.Pro.
    - Optimized processes resulting in 20% efficiency gain.
    - Mentored junior staff and managed cross-functional teams.
    
    Projects:
    Implementation of Geotechnical Engineering framework for industrial scale.
    Certifications: Professional Civil Engineering Certification.",Civil Engineering,Geotechnical Engineering,Master's,14,"STAAD.Pro, Revit, Surveying, Structural Design, BIM, Concrete Technology",Industrial/Tech
cbfcef4a,"Professional Profile
    Civil Engineering specialist with 12 years of experience in Geotechnical Engineering.
    Education: Master's in Civil Engineering.
    
    Key Skills: STAAD.Pro, Revit, Surveying, Structural Design, BIM, Concrete Technology
    
    Work Experience:
    Senior Engineer at Global Tech Corp.
    - Led projects involving Geotechnical Engineering and STAAD.Pro.
    - Optimized processes resulting in 20% efficiency gain.
    - Mentored junior staff and managed cross-functional teams.
    
    Projects:
    Implementation of Geotechnical Engineering framework for industrial scale.
    Certifications: Professional Civil Engineering Certification.",Civil Engineering,Geotechnical Engineering,Master's,12,"STAAD.Pro, Revit, Surveying, Structural Design, BIM, Concrete Technology",Industrial/Tech
c9f31169,"Professional Profile
    Civil Engineering specialist with 15 years of experience in Transportation.
    Education: Professional Certification in Civil Engineering.
    
    Key Skills: STAAD.Pro, Revit, Surveying, Structural Design, BIM, Concrete Technology
    
    Work Experience:
    Senior Engineer at Global Tech Corp.
    - Led projects involving Transportation and STAAD.Pro.
    - Optimized processes resulting in 20% efficiency gain.
    - Mentored junior staff and managed cross-functional teams.
    
    Projects:
    Implementation of Transportation framework for industrial scale.
    Certifications: Professional Civil Engineering Certification.",Civil Engineering,Transportation,Professional Certification,15,"STAAD.Pro, Revit, Surveying, Structural Design, BIM, Concrete Technology",Industrial/Tech
760c11a4,"Professional Profile
    Civil Engineering specialist with 6 years of experience in Transportation.
    Education: Professional Certification in Civil Engineering.
    
    Key Skills: STAAD.Pro, Revit, Surveying, Structural Design, BIM, Concrete Technology
    
    Work Experience:
    Senior Engineer at Global Tech Corp.
    - Led projects involving Transportation and STAAD.Pro.
    - Optimized processes resulting in 20% efficiency gain.
    - Mentored junior staff and managed cross-functional teams.
    
    Projects:
    Implementation of Transportation framework for industrial scale.
    Certifications: Professional Civil Engineering Certification.",Civil Engineering,Transportation,Professional Certification,6,"STAAD.Pro, Revit, Surveying, Structural Design, BIM, Concrete Technology",Industrial/Tech
4f2f7a38,"Professional Profile
    Civil Engineering specialist with 13 years of experience in Structural Analysis.
    Education: Diploma in Civil Engineering.
    
    Key Skills: STAAD.Pro, Revit, Surveying, Structural Design, BIM, Concrete Technology
    
    Work Experience:
    Senior Engineer at Global Tech Corp.
    - Led projects involving Structural Analysis and STAAD.Pro.
    - Optimized processes resulting in 20% efficiency gain.
    - Mentored junior staff and managed cross-functional teams.
    
    Projects:
    Implementation of Structural Analysis framework for industrial scale.
    Certifications: Professional Civil Engineering Certification.",Civil Engineering,Structural Analysis,Diploma,13,"STAAD.Pro, Revit, Surveying, Structural Design, BIM, Concrete Technology",Industrial/Tech
8e401c66,"Professional Profile
    Civil Engineering specialist with 2 years of experience in Construction Management.
    Education: Professional Certification in Civil Engineering.
    
    Key Skills: STAAD.Pro, Revit, Surveying, Structural Design, BIM, Concrete Technology
    
    Work Experience:
    Senior Engineer at Global Tech Corp.
    - Led projects involving Construction Management and STAAD.Pro.
    - Optimized processes resulting in 20% efficiency gain.
    - Mentored junior staff and managed cross-functional teams.
    
    Projects:
    Implementation of Construction Management framework for industrial scale.
    Certifications: Professional Civil Engineering Certification.",Civil Engineering,Construction Management,Professional Certification,2,"STAAD.Pro, Revit, Surveying, Structural Design, BIM, Concrete Technology",Industrial/Tech
920f30f5,"Professional Profile
    Civil Engineering specialist with 13 years of experience in Transportation.
    Education: Master's in Civil Engineering.
    
    Key Skills: STAAD.Pro, Revit, Surveying, Structural Design, BIM, Concrete Technology
    
    Work Experience:
    Senior Engineer at Global Tech Corp.
    - Led projects involving Transportation and STAAD.Pro.
    - Optimized processes resulting in 20% efficiency gain.
    - Mentored junior staff and managed cross-functional teams.
    
    Projects:
    Implementation of Transportation framework for industrial scale.
    Certifications: Professional Civil Engineering Certification.",Civil Engineering,Transportation,Master's,13,"STAAD.Pro, Revit, Surveying, Structural Design, BIM, Concrete Technology",Industrial/Tech
69beaa00,"Professional Profile
    Civil Engineering specialist with 3 years of experience in Structural Analysis.
    Education: Professional Certification in Civil Engineering.
    
    Key Skills: STAAD.Pro, Revit, Surveying, Structural Design, BIM, Concrete Technology
    
    Work Experience:
    Senior Engineer at Global Tech Corp.
    - Led projects involving Structural Analysis and STAAD.Pro.
    - Optimized processes resulting in 20% efficiency gain.
    - Mentored junior staff and managed cross-functional teams.
    
    Projects:
    Implementation of Structural Analysis framework for industrial scale.
    Certifications: Professional Civil Engineering Certification.",Civil Engineering,Structural Analysis,Professional Certification,3,"STAAD.Pro, Revit, Surveying, Structural Design, BIM, Concrete Technology",Industrial/Tech
74cb397f,"Professional Profile
    Civil Engineering specialist with 9 years of experience in Structural Analysis.
    Education: Master's in Civil Engineering.
    
    Key Skills: STAAD.Pro, Revit, Surveying, Structural Design, BIM, Concrete Technology
    
    Work Experience:
    Senior Engineer at Global Tech Corp.
    - Led projects involving Structural Analysis and STAAD.Pro.
    - Optimized processes resulting in 20% efficiency gain.
    - Mentored junior staff and managed cross-functional teams.
    
    Projects:
    Implementation of Structural Analysis framework for industrial scale.
    Certifications: Professional Civil Engineering Certification.",Civil Engineering,Structural Analysis,Master's,9,"STAAD.Pro, Revit, Surveying, Structural Design, BIM, Concrete Technology",Industrial/Tech
1e981aba,"Professional Profile
    Civil Engineering specialist with 14 years of experience in Construction Management.
    Education: Bachelor's in Civil Engineering.
    
    Key Skills: STAAD.Pro, Revit, Surveying, Structural Design, BIM, Concrete Technology
    
    Work Experience:
    Senior Engineer at Global Tech Corp.
    - Led projects involving Construction Management and STAAD.Pro.
    - Optimized processes resulting in 20% efficiency gain.
    - Mentored junior staff and managed cross-functional teams.
    
    Projects:
    Implementation of Construction Management framework for industrial scale.
    Certifications: Professional Civil Engineering Certification.",Civil Engineering,Construction Management,Bachelor's,14,"STAAD.Pro, Revit, Surveying, Structural Design, BIM, Concrete Technology",Industrial/Tech
4bc651c6,"Professional Profile
    Civil Engineering specialist with 4 years of experience in Geotechnical Engineering.
    Education: Bachelor's in Civil Engineering.
    
    Key Skills: STAAD.Pro, Revit, Surveying, Structural Design, BIM, Concrete Technology
    
    Work Experience:
    Senior Engineer at Global Tech Corp.
    - Led projects involving Geotechnical Engineering and STAAD.Pro.
    - Optimized processes resulting in 20% efficiency gain.
    - Mentored junior staff and managed cross-functional teams.
    
    Projects:
    Implementation of Geotechnical Engineering framework for industrial scale.
    Certifications: Professional Civil Engineering Certification.",Civil Engineering,Geotechnical Engineering,Bachelor's,4,"STAAD.Pro, Revit, Surveying, Structural Design, BIM, Concrete Technology",Industrial/Tech
22dbcc98,"Professional Profile
    Civil Engineering specialist with 7 years of experience in Geotechnical Engineering.
    Education: Professional Certification in Civil Engineering.
    
    Key Skills: STAAD.Pro, Revit, Surveying, Structural Design, BIM, Concrete Technology
    
    Work Experience:
    Senior Engineer at Global Tech Corp.
    - Led projects involving Geotechnical Engineering and STAAD.Pro.
    - Optimized processes resulting in 20% efficiency gain.
    - Mentored junior staff and managed cross-functional teams.
    
    Projects:
    Implementation of Geotechnical Engineering framework for industrial scale.
    Certifications: Professional Civil Engineering Certification.",Civil Engineering,Geotechnical Engineering,Professional Certification,7,"STAAD.Pro, Revit, Surveying, Structural Design, BIM, Concrete Technology",Industrial/Tech
7dce65d6,"Professional Profile
    Chemical Engineering specialist with 5 years of experience in Petrochemicals.
    Education: Diploma in Chemical Engineering.
    
    Key Skills: Problem Solving, Management
    
    Work Experience:
    Senior Engineer at Global Tech Corp.
    - Led projects involving Petrochemicals and Problem Solving.
    - Optimized processes resulting in 20% efficiency gain.
    - Mentored junior staff and managed cross-functional teams.
    
    Projects:
    Implementation of Petrochemicals framework for industrial scale.
    Certifications: Professional Chemical Engineering Certification.",Chemical Engineering,Petrochemicals,Diploma,5,"Problem Solving, Management",Industrial/Tech
e9d7b49b,"Professional Profile
    Chemical Engineering specialist with 7 years of experience in Petrochemicals.
    Education: Master's in Chemical Engineering.
    
    Key Skills: Problem Solving, Management
    
    Work Experience:
    Senior Engineer at Global Tech Corp.
    - Led projects involving Petrochemicals and Problem Solving.
    - Optimized processes resulting in 20% efficiency gain.
    - Mentored junior staff and managed cross-functional teams.
    
    Projects:
    Implementation of Petrochemicals framework for industrial scale.
    Certifications: Professional Chemical Engineering Certification.",Chemical Engineering,Petrochemicals,Master's,7,"Problem Solving, Management",Industrial/Tech
c1437a7d,"Professional Profile
    Chemical Engineering specialist with 14 years of experience in Pharmaceutical Manufacturing.
    Education: Master's in Chemical Engineering.
    
    Key Skills: Problem Solving, Management
    
    Work Experience:
    Senior Engineer at Global Tech Corp.
    - Led projects involving Pharmaceutical Manufacturing and Problem Solving.
    - Optimized processes resulting in 20% efficiency gain.
    - Mentored junior staff and managed cross-functional teams.
    
    Projects:
    Implementation of Pharmaceutical Manufacturing framework for industrial scale.
    Certifications: Professional Chemical Engineering Certification.",Chemical Engineering,Pharmaceutical Manufacturing,Master's,14,"Problem Solving, Management",Industrial/Tech
e4cbcc80,"Professional Profile
    Chemical Engineering specialist with 12 years of experience in Pharmaceutical Manufacturing.
    Education: Master's in Chemical Engineering.
    
    Key Skills: Problem Solving, Management
    
    Work Experience:
    Senior Engineer at Global Tech Corp.
    - Led projects involving Pharmaceutical Manufacturing and Problem Solving.
    - Optimized processes resulting in 20% efficiency gain.
    - Mentored junior staff and managed cross-functional teams.
    
    Projects:
    Implementation of Pharmaceutical Manufacturing framework for industrial scale.
    Certifications: Professional Chemical Engineering Certification.",Chemical Engineering,Pharmaceutical Manufacturing,Master's,12,"Problem Solving, Management",Industrial/Tech
7fad425b,"Professional Profile
    Chemical Engineering specialist with 8 years of experience in Petrochemicals.
    Education: Professional Certification in Chemical Engineering.
    
    Key Skills: Problem Solving, Management
    
    Work Experience:
    Senior Engineer at Global Tech Corp.
    - Led projects involving Petrochemicals and Problem Solving.
    - Optimized processes resulting in 20% efficiency gain.
    - Mentored junior staff and managed cross-functional teams.
    
    Projects:
    Implementation of Petrochemicals framework for industrial scale.
    Certifications: Professional Chemical Engineering Certification.",Chemical Engineering,Petrochemicals,Professional Certification,8,"Problem Solving, Management",Industrial/Tech
823f0567,"Professional Profile
    Chemical Engineering specialist with 6 years of experience in Pharmaceutical Manufacturing.
    Education: Diploma in Chemical Engineering.
    
    Key Skills: Problem Solving, Management
    
    Work Experience:
    Senior Engineer at Global Tech Corp.
    - Led projects involving Pharmaceutical Manufacturing and Problem Solving.
    - Optimized processes resulting in 20% efficiency gain.
    - Mentored junior staff and managed cross-functional teams.
    
    Projects:
    Implementation of Pharmaceutical Manufacturing framework for industrial scale.
    Certifications: Professional Chemical Engineering Certification.",Chemical Engineering,Pharmaceutical Manufacturing,Diploma,6,"Problem Solving, Management",Industrial/Tech
72f96a3d,"Professional Profile
    Chemical Engineering specialist with 7 years of experience in Biotechnology.
    Education: Professional Certification in Chemical Engineering.
    
    Key Skills: Problem Solving, Management
    
    Work Experience:
    Senior Engineer at Global Tech Corp.
    - Led projects involving Biotechnology and Problem Solving.
    - Optimized processes resulting in 20% efficiency gain.
    - Mentored junior staff and managed cross-functional teams.
    
    Projects:
    Implementation of Biotechnology framework for industrial scale.
    Certifications: Professional Chemical Engineering Certification.",Chemical Engineering,Biotechnology,Professional Certification,7,"Problem Solving, Management",Industrial/Tech
af948401,"Professional Profile
    Chemical Engineering specialist with 2 years of experience in Pharmaceutical Manufacturing.
    Education: Master's in Chemical Engineering.
    
    Key Skills: Problem Solving, Management
    
    Work Experience:
    Senior Engineer at Global Tech Corp.
    - Led projects involving Pharmaceutical Manufacturing and Problem Solving.
    - Optimized processes resulting in 20% efficiency gain.
    - Mentored junior staff and managed cross-functional teams.
    
    Projects:
    Implementation of Pharmaceutical Manufacturing framework for industrial scale.
    Certifications: Professional Chemical Engineering Certification.",Chemical Engineering,Pharmaceutical Manufacturing,Master's,2,"Problem Solving, Management",Industrial/Tech
82866f42,"Professional Profile
    Chemical Engineering specialist with 13 years of experience in Petrochemicals.
    Education: Master's in Chemical Engineering.
    
    Key Skills: Problem Solving, Management
    
    Work Experience:
    Senior Engineer at Global Tech Corp.
    - Led projects involving Petrochemicals and Problem Solving.
    - Optimized processes resulting in 20% efficiency gain.
    - Mentored junior staff and managed cross-functional teams.
    
    Projects:
    Implementation of Petrochemicals framework for industrial scale.
    Certifications: Professional Chemical Engineering Certification.",Chemical Engineering,Petrochemicals,Master's,13,"Problem Solving, Management",Industrial/Tech
8e4edb28,"Professional Profile
    Chemical Engineering specialist with 11 years of experience in Petrochemicals.
    Education: Master's in Chemical Engineering.
    
    Key Skills: Problem Solving, Management
    
    Work Experience:
    Senior Engineer at Global Tech Corp.
    - Led projects involving Petrochemicals and Problem Solving.
    - Optimized processes resulting in 20% efficiency gain.
    - Mentored junior staff and managed cross-functional teams.
    
    Projects:
    Implementation of Petrochemicals framework for industrial scale.
    Certifications: Professional Chemical Engineering Certification.",Chemical Engineering,Petrochemicals,Master's,11,"Problem Solving, Management",Industrial/Tech
4507e516,"Professional Profile
    Chemical Engineering specialist with 13 years of experience in Petrochemicals.
    Education: Professional Certification in Chemical Engineering.
    
    Key Skills: Problem Solving, Management
    
    Work Experience:
    Senior Engineer at Global Tech Corp.
    - Led projects involving Petrochemicals and Problem Solving.
    - Optimized processes resulting in 20% efficiency gain.
    - Mentored junior staff and managed cross-functional teams.
    
    Projects:
    Implementation of Petrochemicals framework for industrial scale.
    Certifications: Professional Chemical Engineering Certification.",Chemical Engineering,Petrochemicals,Professional Certification,13,"Problem Solving, Management",Industrial/Tech
e6580c3d,"Professional Profile
    Chemical Engineering specialist with 2 years of experience in Petrochemicals.
    Education: Professional Certification in Chemical Engineering.
    
    Key Skills: Problem Solving, Management
    
    Work Experience:
    Senior Engineer at Global Tech Corp.
    - Led projects involving Petrochemicals and Problem Solving.
    - Optimized processes resulting in 20% efficiency gain.
    - Mentored junior staff and managed cross-functional teams.
    
    Projects:
    Implementation of Petrochemicals framework for industrial scale.
    Certifications: Professional Chemical Engineering Certification.",Chemical Engineering,Petrochemicals,Professional Certification,2,"Problem Solving, Management",Industrial/Tech
380d6c28,"Professional Profile
    Chemical Engineering specialist with 13 years of experience in Petrochemicals.
    Education: Master's in Chemical Engineering.
    
    Key Skills: Problem Solving, Management
    
    Work Experience:
    Senior Engineer at Global Tech Corp.
    - Led projects involving Petrochemicals and Problem Solving.
    - Optimized processes resulting in 20% efficiency gain.
    - Mentored junior staff and managed cross-functional teams.
    
    Projects:
    Implementation of Petrochemicals framework for industrial scale.
    Certifications: Professional Chemical Engineering Certification.",Chemical Engineering,Petrochemicals,Master's,13,"Problem Solving, Management",Industrial/Tech
e6f8c684,"Professional Profile
    Chemical Engineering specialist with 5 years of experience in Biotechnology.
    Education: Professional Certification in Chemical Engineering.
    
    Key Skills: Problem Solving, Management
    
    Work Experience:
    Senior Engineer at Global Tech Corp.
    - Led projects involving Biotechnology and Problem Solving.
    - Optimized processes resulting in 20% efficiency gain.
    - Mentored junior staff and managed cross-functional teams.
    
    Projects:
    Implementation of Biotechnology framework for industrial scale.
    Certifications: Professional Chemical Engineering Certification.",Chemical Engineering,Biotechnology,Professional Certification,5,"Problem Solving, Management",Industrial/Tech
8fc19b2b,"Professional Profile
    Chemical Engineering specialist with 5 years of experience in Process Optimization.
    Education: Bachelor's in Chemical Engineering.
    
    Key Skills: Problem Solving, Management
    
    Work Experience:
    Senior Engineer at Global Tech Corp.
    - Led projects involving Process Optimization and Problem Solving.
    - Optimized processes resulting in 20% efficiency gain.
    - Mentored junior staff and managed cross-functional teams.
    
    Projects:
    Implementation of Process Optimization framework for industrial scale.
    Certifications: Professional Chemical Engineering Certification.",Chemical Engineering,Process Optimization,Bachelor's,5,"Problem Solving, Management",Industrial/Tech
639b1640,"Professional Profile
    Chemical Engineering specialist with 5 years of experience in Process Optimization.
    Education: Diploma in Chemical Engineering.
    
    Key Skills: Problem Solving, Management
    
    Work Experience:
    Senior Engineer at Global Tech Corp.
    - Led projects involving Process Optimization and Problem Solving.
    - Optimized processes resulting in 20% efficiency gain.
    - Mentored junior staff and managed cross-functional teams.
    
    Projects:
    Implementation of Process Optimization framework for industrial scale.
    Certifications: Professional Chemical Engineering Certification.",Chemical Engineering,Process Optimization,Diploma,5,"Problem Solving, Management",Industrial/Tech
18f34e0c,"Professional Profile
    Chemical Engineering specialist with 10 years of experience in Petrochemicals.
    Education: Professional Certification in Chemical Engineering.
    
    Key Skills: Problem Solving, Management
    
    Work Experience:
    Senior Engineer at Global Tech Corp.
    - Led projects involving Petrochemicals and Problem Solving.
    - Optimized processes resulting in 20% efficiency gain.
    - Mentored junior staff and managed cross-functional teams.
    
    Projects:
    Implementation of Petrochemicals framework for industrial scale.
    Certifications: Professional Chemical Engineering Certification.",Chemical Engineering,Petrochemicals,Professional Certification,10,"Problem Solving, Management",Industrial/Tech
b4d3a694,"Professional Profile
    Chemical Engineering specialist with 8 years of experience in Petrochemicals.
    Education: Bachelor's in Chemical Engineering.
    
    Key Skills: Problem Solving, Management
    
    Work Experience:
    Senior Engineer at Global Tech Corp.
    - Led projects involving Petrochemicals and Problem Solving.
    - Optimized processes resulting in 20% efficiency gain.
    - Mentored junior staff and managed cross-functional teams.
    
    Projects:
    Implementation of Petrochemicals framework for industrial scale.
    Certifications: Professional Chemical Engineering Certification.",Chemical Engineering,Petrochemicals,Bachelor's,8,"Problem Solving, Management",Industrial/Tech
1fc59d35,"Professional Profile
    Chemical Engineering specialist with 4 years of experience in Biotechnology.
    Education: Bachelor's in Chemical Engineering.
    
    Key Skills: Problem Solving, Management
    
    Work Experience:
    Senior Engineer at Global Tech Corp.
    - Led projects involving Biotechnology and Problem Solving.
    - Optimized processes resulting in 20% efficiency gain.
    - Mentored junior staff and managed cross-functional teams.
    
    Projects:
    Implementation of Biotechnology framework for industrial scale.
    Certifications: Professional Chemical Engineering Certification.",Chemical Engineering,Biotechnology,Bachelor's,4,"Problem Solving, Management",Industrial/Tech
d0cb7149,"Professional Profile
    Chemical Engineering specialist with 5 years of experience in Petrochemicals.
    Education: Professional Certification in Chemical Engineering.
    
    Key Skills: Problem Solving, Management
    
    Work Experience:
    Senior Engineer at Global Tech Corp.
    - Led projects involving Petrochemicals and Problem Solving.
    - Optimized processes resulting in 20% efficiency gain.
    - Mentored junior staff and managed cross-functional teams.
    
    Projects:
    Implementation of Petrochemicals framework for industrial scale.
    Certifications: Professional Chemical Engineering Certification.",Chemical Engineering,Petrochemicals,Professional Certification,5,"Problem Solving, Management",Industrial/Tech
43649994,"Professional Profile
    Chemical Engineering specialist with 9 years of experience in Petrochemicals.
    Education: Bachelor's in Chemical Engineering.
    
    Key Skills: Problem Solving, Management
    
    Work Experience:
    Senior Engineer at Global Tech Corp.
    - Led projects involving Petrochemicals and Problem Solving.
    - Optimized processes resulting in 20% efficiency gain.
    - Mentored junior staff and managed cross-functional teams.
    
    Projects:
    Implementation of Petrochemicals framework for industrial scale.
    Certifications: Professional Chemical Engineering Certification.",Chemical Engineering,Petrochemicals,Bachelor's,9,"Problem Solving, Management",Industrial/Tech
76b2f035,"Professional Profile
    Chemical Engineering specialist with 4 years of experience in Pharmaceutical Manufacturing.
    Education: Bachelor's in Chemical Engineering.
    
    Key Skills: Problem Solving, Management
    
    Work Experience:
    Senior Engineer at Global Tech Corp.
    - Led projects involving Pharmaceutical Manufacturing and Problem Solving.
    - Optimized processes resulting in 20% efficiency gain.
    - Mentored junior staff and managed cross-functional teams.
    
    Projects:
    Implementation of Pharmaceutical Manufacturing framework for industrial scale.
    Certifications: Professional Chemical Engineering Certification.",Chemical Engineering,Pharmaceutical Manufacturing,Bachelor's,4,"Problem Solving, Management",Industrial/Tech
316534e8,"Professional Profile
    Chemical Engineering specialist with 9 years of experience in Process Optimization.
    Education: Professional Certification in Chemical Engineering.
    
    Key Skills: Problem Solving, Management
    
    Work Experience:
    Senior Engineer at Global Tech Corp.
    - Led projects involving Process Optimization and Problem Solving.
    - Optimized processes resulting in 20% efficiency gain.
    - Mentored junior staff and managed cross-functional teams.
    
    Projects:
    Implementation of Process Optimization framework for industrial scale.
    Certifications: Professional Chemical Engineering Certification.",Chemical Engineering,Process Optimization,Professional Certification,9,"Problem Solving, Management",Industrial/Tech
8b70f493,"Professional Profile
    Chemical Engineering specialist with 5 years of experience in Petrochemicals.
    Education: Master's in Chemical Engineering.
    
    Key Skills: Problem Solving, Management
    
    Work Experience:
    Senior Engineer at Global Tech Corp.
    - Led projects involving Petrochemicals and Problem Solving.
    - Optimized processes resulting in 20% efficiency gain.
    - Mentored junior staff and managed cross-functional teams.
    
    Projects:
    Implementation of Petrochemicals framework for industrial scale.
    Certifications: Professional Chemical Engineering Certification.",Chemical Engineering,Petrochemicals,Master's,5,"Problem Solving, Management",Industrial/Tech
fb1db003,"Professional Profile
    Chemical Engineering specialist with 13 years of experience in Petrochemicals.
    Education: Bachelor's in Chemical Engineering.
    
    Key Skills: Problem Solving, Management
    
    Work Experience:
    Senior Engineer at Global Tech Corp.
    - Led projects involving Petrochemicals and Problem Solving.
    - Optimized processes resulting in 20% efficiency gain.
    - Mentored junior staff and managed cross-functional teams.
    
    Projects:
    Implementation of Petrochemicals framework for industrial scale.
    Certifications: Professional Chemical Engineering Certification.",Chemical Engineering,Petrochemicals,Bachelor's,13,"Problem Solving, Management",Industrial/Tech
fca8e1a4,"Professional Profile
    Chemical Engineering specialist with 5 years of experience in Petrochemicals.
    Education: Diploma in Chemical Engineering.
    
    Key Skills: Problem Solving, Management
    
    Work Experience:
    Senior Engineer at Global Tech Corp.
    - Led projects involving Petrochemicals and Problem Solving.
    - Optimized processes resulting in 20% efficiency gain.
    - Mentored junior staff and managed cross-functional teams.
    
    Projects:
    Implementation of Petrochemicals framework for industrial scale.
    Certifications: Professional Chemical Engineering Certification.",Chemical Engineering,Petrochemicals,Diploma,5,"Problem Solving, Management",Industrial/Tech
e280ee48,"Professional Profile
    Chemical Engineering specialist with 9 years of experience in Pharmaceutical Manufacturing.
    Education: Master's in Chemical Engineering.
    
    Key Skills: Problem Solving, Management
    
    Work Experience:
    Senior Engineer at Global Tech Corp.
    - Led projects involving Pharmaceutical Manufacturing and Problem Solving.
    - Optimized processes resulting in 20% efficiency gain.
    - Mentored junior staff and managed cross-functional teams.
    
    Projects:
    Implementation of Pharmaceutical Manufacturing framework for industrial scale.
    Certifications: Professional Chemical Engineering Certification.",Chemical Engineering,Pharmaceutical Manufacturing,Master's,9,"Problem Solving, Management",Industrial/Tech
e0fee96d,"Professional Profile
    Chemical Engineering specialist with 14 years of experience in Pharmaceutical Manufacturing.
    Education: Master's in Chemical Engineering.
    
    Key Skills: Problem Solving, Management
    
    Work Experience:
    Senior Engineer at Global Tech Corp.
    - Led projects involving Pharmaceutical Manufacturing and Problem Solving.
    - Optimized processes resulting in 20% efficiency gain.
    - Mentored junior staff and managed cross-functional teams.
    
    Projects:
    Implementation of Pharmaceutical Manufacturing framework for industrial scale.
    Certifications: Professional Chemical Engineering Certification.",Chemical Engineering,Pharmaceutical Manufacturing,Master's,14,"Problem Solving, Management",Industrial/Tech
52ed4b51,"Professional Profile
    Chemical Engineering specialist with 4 years of experience in Process Optimization.
    Education: Diploma in Chemical Engineering.
    
    Key Skills: Problem Solving, Management
    
    Work Experience:
    Senior Engineer at Global Tech Corp.
    - Led projects involving Process Optimization and Problem Solving.
    - Optimized processes resulting in 20% efficiency gain.
    - Mentored junior staff and managed cross-functional teams.
    
    Projects:
    Implementation of Process Optimization framework for industrial scale.
    Certifications: Professional Chemical Engineering Certification.",Chemical Engineering,Process Optimization,Diploma,4,"Problem Solving, Management",Industrial/Tech
391cacfb,"Professional Profile
    Chemical Engineering specialist with 9 years of experience in Petrochemicals.
    Education: Bachelor's in Chemical Engineering.
    
    Key Skills: Problem Solving, Management
    
    Work Experience:
    Senior Engineer at Global Tech Corp.
    - Led projects involving Petrochemicals and Problem Solving.
    - Optimized processes resulting in 20% efficiency gain.
    - Mentored junior staff and managed cross-functional teams.
    
    Projects:
    Implementation of Petrochemicals framework for industrial scale.
    Certifications: Professional Chemical Engineering Certification.",Chemical Engineering,Petrochemicals,Bachelor's,9,"Problem Solving, Management",Industrial/Tech
73ac7061,"Professional Profile
    Chemical Engineering specialist with 4 years of experience in Pharmaceutical Manufacturing.
    Education: Master's in Chemical Engineering.
    
    Key Skills: Problem Solving, Management
    
    Work Experience:
    Senior Engineer at Global Tech Corp.
    - Led projects involving Pharmaceutical Manufacturing and Problem Solving.
    - Optimized processes resulting in 20% efficiency gain.
    - Mentored junior staff and managed cross-functional teams.
    
    Projects:
    Implementation of Pharmaceutical Manufacturing framework for industrial scale.
    Certifications: Professional Chemical Engineering Certification.",Chemical Engineering,Pharmaceutical Manufacturing,Master's,4,"Problem Solving, Management",Industrial/Tech
63d84ec2,"Professional Profile
    Chemical Engineering specialist with 4 years of experience in Process Optimization.
    Education: Professional Certification in Chemical Engineering.
    
    Key Skills: Problem Solving, Management
    
    Work Experience:
    Senior Engineer at Global Tech Corp.
    - Led projects involving Process Optimization and Problem Solving.
    - Optimized processes resulting in 20% efficiency gain.
    - Mentored junior staff and managed cross-functional teams.
    
    Projects:
    Implementation of Process Optimization framework for industrial scale.
    Certifications: Professional Chemical Engineering Certification.",Chemical Engineering,Process Optimization,Professional Certification,4,"Problem Solving, Management",Industrial/Tech
26ca3df2,"Professional Profile
    Chemical Engineering specialist with 7 years of experience in Petrochemicals.
    Education: Professional Certification in Chemical Engineering.
    
    Key Skills: Problem Solving, Management
    
    Work Experience:
    Senior Engineer at Global Tech Corp.
    - Led projects involving Petrochemicals and Problem Solving.
    - Optimized processes resulting in 20% efficiency gain.
    - Mentored junior staff and managed cross-functional teams.
    
    Projects:
    Implementation of Petrochemicals framework for industrial scale.
    Certifications: Professional Chemical Engineering Certification.",Chemical Engineering,Petrochemicals,Professional Certification,7,"Problem Solving, Management",Industrial/Tech
e4fa2430,"Professional Profile
    Chemical Engineering specialist with 13 years of experience in Process Optimization.
    Education: Master's in Chemical Engineering.
    
    Key Skills: Problem Solving, Management
    
    Work Experience:
    Senior Engineer at Global Tech Corp.
    - Led projects involving Process Optimization and Problem Solving.
    - Optimized processes resulting in 20% efficiency gain.
    - Mentored junior staff and managed cross-functional teams.
    
    Projects:
    Implementation of Process Optimization framework for industrial scale.
    Certifications: Professional Chemical Engineering Certification.",Chemical Engineering,Process Optimization,Master's,13,"Problem Solving, Management",Industrial/Tech
0d3a3475,"Professional Profile
    Chemical Engineering specialist with 13 years of experience in Process Optimization.
    Education: Professional Certification in Chemical Engineering.
    
    Key Skills: Problem Solving, Management
    
    Work Experience:
    Senior Engineer at Global Tech Corp.
    - Led projects involving Process Optimization and Problem Solving.
    - Optimized processes resulting in 20% efficiency gain.
    - Mentored junior staff and managed cross-functional teams.
    
    Projects:
    Implementation of Process Optimization framework for industrial scale.
    Certifications: Professional Chemical Engineering Certification.",Chemical Engineering,Process Optimization,Professional Certification,13,"Problem Solving, Management",Industrial/Tech
2c2dc03b,"Professional Profile
    Chemical Engineering specialist with 8 years of experience in Pharmaceutical Manufacturing.
    Education: Bachelor's in Chemical Engineering.
    
    Key Skills: Problem Solving, Management
    
    Work Experience:
    Senior Engineer at Global Tech Corp.
    - Led projects involving Pharmaceutical Manufacturing and Problem Solving.
    - Optimized processes resulting in 20% efficiency gain.
    - Mentored junior staff and managed cross-functional teams.
    
    Projects:
    Implementation of Pharmaceutical Manufacturing framework for industrial scale.
    Certifications: Professional Chemical Engineering Certification.",Chemical Engineering,Pharmaceutical Manufacturing,Bachelor's,8,"Problem Solving, Management",Industrial/Tech
a14aa17e,"Professional Profile
    Chemical Engineering specialist with 10 years of experience in Petrochemicals.
    Education: Bachelor's in Chemical Engineering.
    
    Key Skills: Problem Solving, Management
    
    Work Experience:
    Senior Engineer at Global Tech Corp.
    - Led projects involving Petrochemicals and Problem Solving.
    - Optimized processes resulting in 20% efficiency gain.
    - Mentored junior staff and managed cross-functional teams.
    
    Projects:
    Implementation of Petrochemicals framework for industrial scale.
    Certifications: Professional Chemical Engineering Certification.",Chemical Engineering,Petrochemicals,Bachelor's,10,"Problem Solving, Management",Industrial/Tech
9b13f594,"Professional Profile
    Chemical Engineering specialist with 2 years of experience in Biotechnology.
    Education: Master's in Chemical Engineering.
    
    Key Skills: Problem Solving, Management
    
    Work Experience:
    Senior Engineer at Global Tech Corp.
    - Led projects involving Biotechnology and Problem Solving.
    - Optimized processes resulting in 20% efficiency gain.
    - Mentored junior staff and managed cross-functional teams.
    
    Projects:
    Implementation of Biotechnology framework for industrial scale.
    Certifications: Professional Chemical Engineering Certification.",Chemical Engineering,Biotechnology,Master's,2,"Problem Solving, Management",Industrial/Tech
97094582,"Professional Profile
    Chemical Engineering specialist with 11 years of experience in Petrochemicals.
    Education: Professional Certification in Chemical Engineering.
    
    Key Skills: Problem Solving, Management
    
    Work Experience:
    Senior Engineer at Global Tech Corp.
    - Led projects involving Petrochemicals and Problem Solving.
    - Optimized processes resulting in 20% efficiency gain.
    - Mentored junior staff and managed cross-functional teams.
    
    Projects:
    Implementation of Petrochemicals framework for industrial scale.
    Certifications: Professional Chemical Engineering Certification.",Chemical Engineering,Petrochemicals,Professional Certification,11,"Problem Solving, Management",Industrial/Tech
b87d4eeb,"Professional Profile
    Chemical Engineering specialist with 3 years of experience in Petrochemicals.
    Education: Bachelor's in Chemical Engineering.
    
    Key Skills: Problem Solving, Management
    
    Work Experience:
    Senior Engineer at Global Tech Corp.
    - Led projects involving Petrochemicals and Problem Solving.
    - Optimized processes resulting in 20% efficiency gain.
    - Mentored junior staff and managed cross-functional teams.
    
    Projects:
    Implementation of Petrochemicals framework for industrial scale.
    Certifications: Professional Chemical Engineering Certification.",Chemical Engineering,Petrochemicals,Bachelor's,3,"Problem Solving, Management",Industrial/Tech
40e019d0,"Professional Profile
    Non-Technical specialist with 6 years of experience in Teachers/Educators.
    Education: Diploma in Non-Technical.
    
    Key Skills: Lesson Planning, Curriculum Development, Classroom Management, Pedagogy, Educational Tech
    
    Work Experience:
    Senior Engineer at Global Tech Corp.
    - Led projects involving Teachers/Educators and Lesson Planning.
    - Optimized processes resulting in 20% efficiency gain.
    - Mentored junior staff and managed cross-functional teams.
    
    Projects:
    Implementation of Teachers/Educators framework for industrial scale.
    Certifications: Professional Non-Technical Certification.",Non-Technical,Teachers/Educators,Diploma,6,"Lesson Planning, Curriculum Development, Classroom Management, Pedagogy, Educational Tech",Industrial/Tech
4b4b36d5,"Professional Profile
    Non-Technical specialist with 13 years of experience in Business/Management Roles.
    Education: Professional Certification in Non-Technical.
    
    Key Skills: Problem Solving, Management
    
    Work Experience:
    Senior Engineer at Global Tech Corp.
    - Led projects involving Business/Management Roles and Problem Solving.
    - Optimized processes resulting in 20% efficiency gain.
    - Mentored junior staff and managed cross-functional teams.
    
    Projects:
    Implementation of Business/Management Roles framework for industrial scale.
    Certifications: Professional Non-Technical Certification.",Non-Technical,Business/Management Roles,Professional Certification,13,"Problem Solving, Management",Industrial/Tech
d886dc5f,"Professional Profile
    Non-Technical specialist with 5 years of experience in Chef/Culinary Professionals.
    Education: Professional Certification in Non-Technical.
    
    Key Skills: Menu Planning, Food Safety, HACCP, Cuisine Knowledge, Kitchen Management
    
    Work Experience:
    Senior Engineer at Global Tech Corp.
    - Led projects involving Chef/Culinary Professionals and Menu Planning.
    - Optimized processes resulting in 20% efficiency gain.
    - Mentored junior staff and managed cross-functional teams.
    
    Projects:
    Implementation of Chef/Culinary Professionals framework for industrial scale.
    Certifications: Professional Non-Technical Certification.",Non-Technical,Chef/Culinary Professionals,Professional Certification,5,"Menu Planning, Food Safety, HACCP, Cuisine Knowledge, Kitchen Management",Industrial/Tech
541d4295,"Professional Profile
    Non-Technical specialist with 7 years of experience in Business/Management Roles.
    Education: Master's in Non-Technical.
    
    Key Skills: Problem Solving, Management
    
    Work Experience:
    Senior Engineer at Global Tech Corp.
    - Led projects involving Business/Management Roles and Problem Solving.
    - Optimized processes resulting in 20% efficiency gain.
    - Mentored junior staff and managed cross-functional teams.
    
    Projects:
    Implementation of Business/Management Roles framework for industrial scale.
    Certifications: Professional Non-Technical Certification.",Non-Technical,Business/Management Roles,Master's,7,"Problem Solving, Management",Industrial/Tech
864f131d,"Professional Profile
    Non-Technical specialist with 9 years of experience in Creative/Design Roles.
    Education: Bachelor's in Non-Technical.
    
    Key Skills: Problem Solving, Management
    
    Work Experience:
    Senior Engineer at Global Tech Corp.
    - Led projects involving Creative/Design Roles and Problem Solving.
    - Optimized processes resulting in 20% efficiency gain.
    - Mentored junior staff and managed cross-functional teams.
    
    Projects:
    Implementation of Creative/Design Roles framework for industrial scale.
    Certifications: Professional Non-Technical Certification.",Non-Technical,Creative/Design Roles,Bachelor's,9,"Problem Solving, Management",Industrial/Tech
fdaca12e,"Professional Profile
    Non-Technical specialist with 1 years of experience in Teachers/Educators.
    Education: Bachelor's in Non-Technical.
    
    Key Skills: Lesson Planning, Curriculum Development, Classroom Management, Pedagogy, Educational Tech
    
    Work Experience:
    Senior Engineer at Global Tech Corp.
    - Led projects involving Teachers/Educators and Lesson Planning.
    - Optimized processes resulting in 20% efficiency gain.
    - Mentored junior staff and managed cross-functional teams.
    
    Projects:
    Implementation of Teachers/Educators framework for industrial scale.
    Certifications: Professional Non-Technical Certification.",Non-Technical,Teachers/Educators,Bachelor's,1,"Lesson Planning, Curriculum Development, Classroom Management, Pedagogy, Educational Tech",Industrial/Tech
a34d7caa,"Professional Profile
    Non-Technical specialist with 1 years of experience in Healthcare Professionals.
    Education: Professional Certification in Non-Technical.
    
    Key Skills: Problem Solving, Management
    
    Work Experience:
    Senior Engineer at Global Tech Corp.
    - Led projects involving Healthcare Professionals and Problem Solving.
    - Optimized processes resulting in 20% efficiency gain.
    - Mentored junior staff and managed cross-functional teams.
    
    Projects:
    Implementation of Healthcare Professionals framework for industrial scale.
    Certifications: Professional Non-Technical Certification.",Non-Technical,Healthcare Professionals,Professional Certification,1,"Problem Solving, Management",Industrial/Tech
406f050a,"Professional Profile
    Non-Technical specialist with 7 years of experience in Healthcare Professionals.
    Education: Diploma in Non-Technical.
    
    Key Skills: Problem Solving, Management
    
    Work Experience:
    Senior Engineer at Global Tech Corp.
    - Led projects involving Healthcare Professionals and Problem Solving.
    - Optimized processes resulting in 20% efficiency gain.
    - Mentored junior staff and managed cross-functional teams.
    
    Projects:
    Implementation of Healthcare Professionals framework for industrial scale.
    Certifications: Professional Non-Technical Certification.",Non-Technical,Healthcare Professionals,Diploma,7,"Problem Solving, Management",Industrial/Tech
9f223f1d,"Professional Profile
    Non-Technical specialist with 15 years of experience in Chef/Culinary Professionals.
    Education: Professional Certification in Non-Technical.
    
    Key Skills: Menu Planning, Food Safety, HACCP, Cuisine Knowledge, Kitchen Management
    
    Work Experience:
    Senior Engineer at Global Tech Corp.
    - Led projects involving Chef/Culinary Professionals and Menu Planning.
    - Optimized processes resulting in 20% efficiency gain.
    - Mentored junior staff and managed cross-functional teams.
    
    Projects:
    Implementation of Chef/Culinary Professionals framework for industrial scale.
    Certifications: Professional Non-Technical Certification.",Non-Technical,Chef/Culinary Professionals,Professional Certification,15,"Menu Planning, Food Safety, HACCP, Cuisine Knowledge, Kitchen Management",Industrial/Tech
0acf55e6,"Professional Profile
    Non-Technical specialist with 7 years of experience in Chef/Culinary Professionals.
    Education: Professional Certification in Non-Technical.
    
    Key Skills: Menu Planning, Food Safety, HACCP, Cuisine Knowledge, Kitchen Management
    
    Work Experience:
    Senior Engineer at Global Tech Corp.
    - Led projects involving Chef/Culinary Professionals and Menu Planning.
    - Optimized processes resulting in 20% efficiency gain.
    - Mentored junior staff and managed cross-functional teams.
    
    Projects:
    Implementation of Chef/Culinary Professionals framework for industrial scale.
    Certifications: Professional Non-Technical Certification.",Non-Technical,Chef/Culinary Professionals,Professional Certification,7,"Menu Planning, Food Safety, HACCP, Cuisine Knowledge, Kitchen Management",Industrial/Tech
82af1d7f,"Professional Profile
    Non-Technical specialist with 7 years of experience in Creative/Design Roles.
    Education: Master's in Non-Technical.
    
    Key Skills: Problem Solving, Management
    
    Work Experience:
    Senior Engineer at Global Tech Corp.
    - Led projects involving Creative/Design Roles and Problem Solving.
    - Optimized processes resulting in 20% efficiency gain.
    - Mentored junior staff and managed cross-functional teams.
    
    Projects:
    Implementation of Creative/Design Roles framework for industrial scale.
    Certifications: Professional Non-Technical Certification.",Non-Technical,Creative/Design Roles,Master's,7,"Problem Solving, Management",Industrial/Tech
800f80bb,"Professional Profile
    Non-Technical specialist with 5 years of experience in Teachers/Educators.
    Education: Professional Certification in Non-Technical.
    
    Key Skills: Lesson Planning, Curriculum Development, Classroom Management, Pedagogy, Educational Tech
    
    Work Experience:
    Senior Engineer at Global Tech Corp.
    - Led projects involving Teachers/Educators and Lesson Planning.
    - Optimized processes resulting in 20% efficiency gain.
    - Mentored junior staff and managed cross-functional teams.
    
    Projects:
    Implementation of Teachers/Educators framework for industrial scale.
    Certifications: Professional Non-Technical Certification.",Non-Technical,Teachers/Educators,Professional Certification,5,"Lesson Planning, Curriculum Development, Classroom Management, Pedagogy, Educational Tech",Industrial/Tech
ef7fa690,"Professional Profile
    Non-Technical specialist with 5 years of experience in Teachers/Educators.
    Education: Professional Certification in Non-Technical.
    
    Key Skills: Lesson Planning, Curriculum Development, Classroom Management, Pedagogy, Educational Tech
    
    Work Experience:
    Senior Engineer at Global Tech Corp.
    - Led projects involving Teachers/Educators and Lesson Planning.
    - Optimized processes resulting in 20% efficiency gain.
    - Mentored junior staff and managed cross-functional teams.
    
    Projects:
    Implementation of Teachers/Educators framework for industrial scale.
    Certifications: Professional Non-Technical Certification.",Non-Technical,Teachers/Educators,Professional Certification,5,"Lesson Planning, Curriculum Development, Classroom Management, Pedagogy, Educational Tech",Industrial/Tech
43c88866,"Professional Profile
    Non-Technical specialist with 7 years of experience in Teachers/Educators.
    Education: Diploma in Non-Technical.
    
    Key Skills: Lesson Planning, Curriculum Development, Classroom Management, Pedagogy, Educational Tech
    
    Work Experience:
    Senior Engineer at Global Tech Corp.
    - Led projects involving Teachers/Educators and Lesson Planning.
    - Optimized processes resulting in 20% efficiency gain.
    - Mentored junior staff and managed cross-functional teams.
    
    Projects:
    Implementation of Teachers/Educators framework for industrial scale.
    Certifications: Professional Non-Technical Certification.",Non-Technical,Teachers/Educators,Diploma,7,"Lesson Planning, Curriculum Development, Classroom Management, Pedagogy, Educational Tech",Industrial/Tech
1b44503d,"Professional Profile
    Non-Technical specialist with 3 years of experience in Healthcare Professionals.
    Education: Diploma in Non-Technical.
    
    Key Skills: Problem Solving, Management
    
    Work Experience:
    Senior Engineer at Global Tech Corp.
    - Led projects involving Healthcare Professionals and Problem Solving.
    - Optimized processes resulting in 20% efficiency gain.
    - Mentored junior staff and managed cross-functional teams.
    
    Projects:
    Implementation of Healthcare Professionals framework for industrial scale.
    Certifications: Professional Non-Technical Certification.",Non-Technical,Healthcare Professionals,Diploma,3,"Problem Solving, Management",Industrial/Tech
be1f606d,"Professional Profile
    Non-Technical specialist with 13 years of experience in Business/Management Roles.
    Education: Diploma in Non-Technical.
    
    Key Skills: Problem Solving, Management
    
    Work Experience:
    Senior Engineer at Global Tech Corp.
    - Led projects involving Business/Management Roles and Problem Solving.
    - Optimized processes resulting in 20% efficiency gain.
    - Mentored junior staff and managed cross-functional teams.
    
    Projects:
    Implementation of Business/Management Roles framework for industrial scale.
    Certifications: Professional Non-Technical Certification.",Non-Technical,Business/Management Roles,Diploma,13,"Problem Solving, Management",Industrial/Tech
97c41d8a,"Professional Profile
    Non-Technical specialist with 10 years of experience in Chef/Culinary Professionals.
    Education: Bachelor's in Non-Technical.
    
    Key Skills: Menu Planning, Food Safety, HACCP, Cuisine Knowledge, Kitchen Management
    
    Work Experience:
    Senior Engineer at Global Tech Corp.
    - Led projects involving Chef/Culinary Professionals and Menu Planning.
    - Optimized processes resulting in 20% efficiency gain.
    - Mentored junior staff and managed cross-functional teams.
    
    Projects:
    Implementation of Chef/Culinary Professionals framework for industrial scale.
    Certifications: Professional Non-Technical Certification.",Non-Technical,Chef/Culinary Professionals,Bachelor's,10,"Menu Planning, Food Safety, HACCP, Cuisine Knowledge, Kitchen Management",Industrial/Tech
d2bd6dc5,"Professional Profile
    Non-Technical specialist with 11 years of experience in Teachers/Educators.
    Education: Bachelor's in Non-Technical.
    
    Key Skills: Lesson Planning, Curriculum Development, Classroom Management, Pedagogy, Educational Tech
    
    Work Experience:
    Senior Engineer at Global Tech Corp.
    - Led projects involving Teachers/Educators and Lesson Planning.
    - Optimized processes resulting in 20% efficiency gain.
    - Mentored junior staff and managed cross-functional teams.
    
    Projects:
    Implementation of Teachers/Educators framework for industrial scale.
    Certifications: Professional Non-Technical Certification.",Non-Technical,Teachers/Educators,Bachelor's,11,"Lesson Planning, Curriculum Development, Classroom Management, Pedagogy, Educational Tech",Industrial/Tech
72f77e7b,"Professional Profile
    Non-Technical specialist with 14 years of experience in Healthcare Professionals.
    Education: Bachelor's in Non-Technical.
    
    Key Skills: Problem Solving, Management
    
    Work Experience:
    Senior Engineer at Global Tech Corp.
    - Led projects involving Healthcare Professionals and Problem Solving.
    - Optimized processes resulting in 20% efficiency gain.
    - Mentored junior staff and managed cross-functional teams.
    
    Projects:
    Implementation of Healthcare Professionals framework for industrial scale.
    Certifications: Professional Non-Technical Certification.",Non-Technical,Healthcare Professionals,Bachelor's,14,"Problem Solving, Management",Industrial/Tech
61be5a3c,"Professional Profile
    Non-Technical specialist with 6 years of experience in Business/Management Roles.
    Education: Diploma in Non-Technical.
    
    Key Skills: Problem Solving, Management
    
    Work Experience:
    Senior Engineer at Global Tech Corp.
    - Led projects involving Business/Management Roles and Problem Solving.
    - Optimized processes resulting in 20% efficiency gain.
    - Mentored junior staff and managed cross-functional teams.
    
    Projects:
    Implementation of Business/Management Roles framework for industrial scale.
    Certifications: Professional Non-Technical Certification.",Non-Technical,Business/Management Roles,Diploma,6,"Problem Solving, Management",Industrial/Tech
c3d35547,"Professional Profile
    Non-Technical specialist with 15 years of experience in Creative/Design Roles.
    Education: Bachelor's in Non-Technical.
    
    Key Skills: Problem Solving, Management
    
    Work Experience:
    Senior Engineer at Global Tech Corp.
    - Led projects involving Creative/Design Roles and Problem Solving.
    - Optimized processes resulting in 20% efficiency gain.
    - Mentored junior staff and managed cross-functional teams.
    
    Projects:
    Implementation of Creative/Design Roles framework for industrial scale.
    Certifications: Professional Non-Technical Certification.",Non-Technical,Creative/Design Roles,Bachelor's,15,"Problem Solving, Management",Industrial/Tech
7f7e9f2d,"Professional Profile
    Non-Technical specialist with 15 years of experience in Chef/Culinary Professionals.
    Education: Master's in Non-Technical.
    
    Key Skills: Menu Planning, Food Safety, HACCP, Cuisine Knowledge, Kitchen Management
    
    Work Experience:
    Senior Engineer at Global Tech Corp.
    - Led projects involving Chef/Culinary Professionals and Menu Planning.
    - Optimized processes resulting in 20% efficiency gain.
    - Mentored junior staff and managed cross-functional teams.
    
    Projects:
    Implementation of Chef/Culinary Professionals framework for industrial scale.
    Certifications: Professional Non-Technical Certification.",Non-Technical,Chef/Culinary Professionals,Master's,15,"Menu Planning, Food Safety, HACCP, Cuisine Knowledge, Kitchen Management",Industrial/Tech
6bf34b59,"Professional Profile
    Non-Technical specialist with 2 years of experience in Healthcare Professionals.
    Education: Master's in Non-Technical.
    
    Key Skills: Problem Solving, Management
    
    Work Experience:
    Senior Engineer at Global Tech Corp.
    - Led projects involving Healthcare Professionals and Problem Solving.
    - Optimized processes resulting in 20% efficiency gain.
    - Mentored junior staff and managed cross-functional teams.
    
    Projects:
    Implementation of Healthcare Professionals framework for industrial scale.
    Certifications: Professional Non-Technical Certification.",Non-Technical,Healthcare Professionals,Master's,2,"Problem Solving, Management",Industrial/Tech
1ef282f3,"Professional Profile
    Non-Technical specialist with 8 years of experience in Business/Management Roles.
    Education: Master's in Non-Technical.
    
    Key Skills: Problem Solving, Management
    
    Work Experience:
    Senior Engineer at Global Tech Corp.
    - Led projects involving Business/Management Roles and Problem Solving.
    - Optimized processes resulting in 20% efficiency gain.
    - Mentored junior staff and managed cross-functional teams.
    
    Projects:
    Implementation of Business/Management Roles framework for industrial scale.
    Certifications: Professional Non-Technical Certification.",Non-Technical,Business/Management Roles,Master's,8,"Problem Solving, Management",Industrial/Tech
a0f623a8,"Professional Profile
    Non-Technical specialist with 14 years of experience in Teachers/Educators.
    Education: Diploma in Non-Technical.
    
    Key Skills: Lesson Planning, Curriculum Development, Classroom Management, Pedagogy, Educational Tech
    
    Work Experience:
    Senior Engineer at Global Tech Corp.
    - Led projects involving Teachers/Educators and Lesson Planning.
    - Optimized processes resulting in 20% efficiency gain.
    - Mentored junior staff and managed cross-functional teams.
    
    Projects:
    Implementation of Teachers/Educators framework for industrial scale.
    Certifications: Professional Non-Technical Certification.",Non-Technical,Teachers/Educators,Diploma,14,"Lesson Planning, Curriculum Development, Classroom Management, Pedagogy, Educational Tech",Industrial/Tech
dedd9884,"Professional Profile
    Non-Technical specialist with 9 years of experience in Creative/Design Roles.
    Education: Professional Certification in Non-Technical.
    
    Key Skills: Problem Solving, Management
    
    Work Experience:
    Senior Engineer at Global Tech Corp.
    - Led projects involving Creative/Design Roles and Problem Solving.
    - Optimized processes resulting in 20% efficiency gain.
    - Mentored junior staff and managed cross-functional teams.
    
    Projects:
    Implementation of Creative/Design Roles framework for industrial scale.
    Certifications: Professional Non-Technical Certification.",Non-Technical,Creative/Design Roles,Professional Certification,9,"Problem Solving, Management",Industrial/Tech
6dc51c8f,"Professional Profile
    Non-Technical specialist with 11 years of experience in Business/Management Roles.
    Education: Diploma in Non-Technical.
    
    Key Skills: Problem Solving, Management
    
    Work Experience:
    Senior Engineer at Global Tech Corp.
    - Led projects involving Business/Management Roles and Problem Solving.
    - Optimized processes resulting in 20% efficiency gain.
    - Mentored junior staff and managed cross-functional teams.
    
    Projects:
    Implementation of Business/Management Roles framework for industrial scale.
    Certifications: Professional Non-Technical Certification.",Non-Technical,Business/Management Roles,Diploma,11,"Problem Solving, Management",Industrial/Tech
c688bab1,"Professional Profile
    Non-Technical specialist with 11 years of experience in Business/Management Roles.
    Education: Bachelor's in Non-Technical.
    
    Key Skills: Problem Solving, Management
    
    Work Experience:
    Senior Engineer at Global Tech Corp.
    - Led projects involving Business/Management Roles and Problem Solving.
    - Optimized processes resulting in 20% efficiency gain.
    - Mentored junior staff and managed cross-functional teams.
    
    Projects:
    Implementation of Business/Management Roles framework for industrial scale.
    Certifications: Professional Non-Technical Certification.",Non-Technical,Business/Management Roles,Bachelor's,11,"Problem Solving, Management",Industrial/Tech
385884d3,"Professional Profile
    Non-Technical specialist with 5 years of experience in Creative/Design Roles.
    Education: Professional Certification in Non-Technical.
    
    Key Skills: Problem Solving, Management
    
    Work Experience:
    Senior Engineer at Global Tech Corp.
    - Led projects involving Creative/Design Roles and Problem Solving.
    - Optimized processes resulting in 20% efficiency gain.
    - Mentored junior staff and managed cross-functional teams.
    
    Projects:
    Implementation of Creative/Design Roles framework for industrial scale.
    Certifications: Professional Non-Technical Certification.",Non-Technical,Creative/Design Roles,Professional Certification,5,"Problem Solving, Management",Industrial/Tech
1ddd0898,"Professional Profile
    Non-Technical specialist with 6 years of experience in Teachers/Educators.
    Education: Bachelor's in Non-Technical.
    
    Key Skills: Lesson Planning, Curriculum Development, Classroom Management, Pedagogy, Educational Tech
    
    Work Experience:
    Senior Engineer at Global Tech Corp.
    - Led projects involving Teachers/Educators and Lesson Planning.
    - Optimized processes resulting in 20% efficiency gain.
    - Mentored junior staff and managed cross-functional teams.
    
    Projects:
    Implementation of Teachers/Educators framework for industrial scale.
    Certifications: Professional Non-Technical Certification.",Non-Technical,Teachers/Educators,Bachelor's,6,"Lesson Planning, Curriculum Development, Classroom Management, Pedagogy, Educational Tech",Industrial/Tech
86ebbd70,"Professional Profile
    Non-Technical specialist with 10 years of experience in Business/Management Roles.
    Education: Master's in Non-Technical.
    
    Key Skills: Problem Solving, Management
    
    Work Experience:
    Senior Engineer at Global Tech Corp.
    - Led projects involving Business/Management Roles and Problem Solving.
    - Optimized processes resulting in 20% efficiency gain.
    - Mentored junior staff and managed cross-functional teams.
    
    Projects:
    Implementation of Business/Management Roles framework for industrial scale.
    Certifications: Professional Non-Technical Certification.",Non-Technical,Business/Management Roles,Master's,10,"Problem Solving, Management",Industrial/Tech
3c9f4ca2,"Professional Profile
    Non-Technical specialist with 13 years of experience in Business/Management Roles.
    Education: Professional Certification in Non-Technical.
    
    Key Skills: Problem Solving, Management
    
    Work Experience:
    Senior Engineer at Global Tech Corp.
    - Led projects involving Business/Management Roles and Problem Solving.
    - Optimized processes resulting in 20% efficiency gain.
    - Mentored junior staff and managed cross-functional teams.
    
    Projects:
    Implementation of Business/Management Roles framework for industrial scale.
    Certifications: Professional Non-Technical Certification.",Non-Technical,Business/Management Roles,Professional Certification,13,"Problem Solving, Management",Industrial/Tech
e93b31a8,"Professional Profile
    Non-Technical specialist with 2 years of experience in Creative/Design Roles.
    Education: Diploma in Non-Technical.
    
    Key Skills: Problem Solving, Management
    
    Work Experience:
    Senior Engineer at Global Tech Corp.
    - Led projects involving Creative/Design Roles and Problem Solving.
    - Optimized processes resulting in 20% efficiency gain.
    - Mentored junior staff and managed cross-functional teams.
    
    Projects:
    Implementation of Creative/Design Roles framework for industrial scale.
    Certifications: Professional Non-Technical Certification.",Non-Technical,Creative/Design Roles,Diploma,2,"Problem Solving, Management",Industrial/Tech
f4027fee,"Professional Profile
    Non-Technical specialist with 3 years of experience in Business/Management Roles.
    Education: Bachelor's in Non-Technical.
    
    Key Skills: Problem Solving, Management
    
    Work Experience:
    Senior Engineer at Global Tech Corp.
    - Led projects involving Business/Management Roles and Problem Solving.
    - Optimized processes resulting in 20% efficiency gain.
    - Mentored junior staff and managed cross-functional teams.
    
    Projects:
    Implementation of Business/Management Roles framework for industrial scale.
    Certifications: Professional Non-Technical Certification.",Non-Technical,Business/Management Roles,Bachelor's,3,"Problem Solving, Management",Industrial/Tech
af5545cf,"Professional Profile
    Non-Technical specialist with 11 years of experience in Business/Management Roles.
    Education: Master's in Non-Technical.
    
    Key Skills: Problem Solving, Management
    
    Work Experience:
    Senior Engineer at Global Tech Corp.
    - Led projects involving Business/Management Roles and Problem Solving.
    - Optimized processes resulting in 20% efficiency gain.
    - Mentored junior staff and managed cross-functional teams.
    
    Projects:
    Implementation of Business/Management Roles framework for industrial scale.
    Certifications: Professional Non-Technical Certification.",Non-Technical,Business/Management Roles,Master's,11,"Problem Solving, Management",Industrial/Tech
109257e4,"Professional Profile
    Non-Technical specialist with 11 years of experience in Healthcare Professionals.
    Education: Master's in Non-Technical.
    
    Key Skills: Problem Solving, Management
    
    Work Experience:
    Senior Engineer at Global Tech Corp.
    - Led projects involving Healthcare Professionals and Problem Solving.
    - Optimized processes resulting in 20% efficiency gain.
    - Mentored junior staff and managed cross-functional teams.
    
    Projects:
    Implementation of Healthcare Professionals framework for industrial scale.
    Certifications: Professional Non-Technical Certification.",Non-Technical,Healthcare Professionals,Master's,11,"Problem Solving, Management",Industrial/Tech
e1ebddf1,"Professional Profile
    Non-Technical specialist with 8 years of experience in Chef/Culinary Professionals.
    Education: Diploma in Non-Technical.
    
    Key Skills: Menu Planning, Food Safety, HACCP, Cuisine Knowledge, Kitchen Management
    
    Work Experience:
    Senior Engineer at Global Tech Corp.
    - Led projects involving Chef/Culinary Professionals and Menu Planning.
    - Optimized processes resulting in 20% efficiency gain.
    - Mentored junior staff and managed cross-functional teams.
    
    Projects:
    Implementation of Chef/Culinary Professionals framework for industrial scale.
    Certifications: Professional Non-Technical Certification.",Non-Technical,Chef/Culinary Professionals,Diploma,8,"Menu Planning, Food Safety, HACCP, Cuisine Knowledge, Kitchen Management",Industrial/Tech
5e8b53ee,"Professional Profile
    Non-Technical specialist with 8 years of experience in Teachers/Educators.
    Education: Diploma in Non-Technical.
    
    Key Skills: Lesson Planning, Curriculum Development, Classroom Management, Pedagogy, Educational Tech
    
    Work Experience:
    Senior Engineer at Global Tech Corp.
    - Led projects involving Teachers/Educators and Lesson Planning.
    - Optimized processes resulting in 20% efficiency gain.
    - Mentored junior staff and managed cross-functional teams.
    
    Projects:
    Implementation of Teachers/Educators framework for industrial scale.
    Certifications: Professional Non-Technical Certification.",Non-Technical,Teachers/Educators,Diploma,8,"Lesson Planning, Curriculum Development, Classroom Management, Pedagogy, Educational Tech",Industrial/Tech
95d7c8f2,"Professional Profile
    Non-Technical specialist with 15 years of experience in Creative/Design Roles.
    Education: Master's in Non-Technical.
    
    Key Skills: Problem Solving, Management
    
    Work Experience:
    Senior Engineer at Global Tech Corp.
    - Led projects involving Creative/Design Roles and Problem Solving.
    - Optimized processes resulting in 20% efficiency gain.
    - Mentored junior staff and managed cross-functional teams.
    
    Projects:
    Implementation of Creative/Design Roles framework for industrial scale.
    Certifications: Professional Non-Technical Certification.",Non-Technical,Creative/Design Roles,Master's,15,"Problem Solving, Management",Industrial/Tech
f16b75b2,"Professional Profile
    Non-Technical specialist with 6 years of experience in Chef/Culinary Professionals.
    Education: Diploma in Non-Technical.
    
    Key Skills: Menu Planning, Food Safety, HACCP, Cuisine Knowledge, Kitchen Management
    
    Work Experience:
    Senior Engineer at Global Tech Corp.
    - Led projects involving Chef/Culinary Professionals and Menu Planning.
    - Optimized processes resulting in 20% efficiency gain.
    - Mentored junior staff and managed cross-functional teams.
    
    Projects:
    Implementation of Chef/Culinary Professionals framework for industrial scale.
    Certifications: Professional Non-Technical Certification.",Non-Technical,Chef/Culinary Professionals,Diploma,6,"Menu Planning, Food Safety, HACCP, Cuisine Knowledge, Kitchen Management",Industrial/Tech
